ListenerGroup,1_Resp,1_Timing_First Click,1_Timing_Last Click,1_Timing_Page Submit,1_Timing_Click Count,3_Resp,3_Timing_First Click,3_Timing_Last Click,3_Timing_Page Submit,3_Timing_Click Count,4_Resp,4_Timing_First Click,4_Timing_Last Click,4_Timing_Page Submit,4_Timing_Click Count,5_Resp,5_Timing_First Click,5_Timing_Last Click,5_Timing_Page Submit,5_Timing_Click Count,6_Resp,6_Timing_First Click,6_Timing_Last Click,6_Timing_Page Submit,6_Timing_Click Count,7_Resp,7_Timing_First Click,7_Timing_Last Click,7_Timing_Page Submit,7_Timing_Click Count,8_Resp,8_Timing_First Click,8_Timing_Last Click,8_Timing_Page Submit,8_Timing_Click Count,9_Resp,9_Timing_First Click,9_Timing_Last Click,9_Timing_Page Submit,9_Timing_Click Count,10_Resp,10_Timing_First Click,10_Timing_Last Click,10_Timing_Page Submit,10_Timing_Click Count,11_Resp,11_Timing_First Click,11_Timing_Last Click,11_Timing_Page Submit,11_Timing_Click Count,12_Resp,12_Timing_First Click,12_Timing_Last Click,12_Timing_Page Submit,12_Timing_Click Count,13_Resp,13_Timing_First Click,13_Timing_Last Click,13_Timing_Page Submit,13_Timing_Click Count,14_Resp,14_Timing_First Click,14_Timing_Last Click,14_Timing_Page Submit,14_Timing_Click Count,15_Resp,15_Timing_First Click,15_Timing_Last Click,15_Timing_Page Submit,15_Timing_Click Count,16_Resp,16_Timing_First Click,16_Timing_Last Click,16_Timing_Page Submit,16_Timing_Click Count,17_Resp,17_Timing_First Click,17_Timing_Last Click,17_Timing_Page Submit,17_Timing_Click Count,18_Resp,18_Timing_First Click,18_Timing_Last Click,18_Timing_Page Submit,18_Timing_Click Count,19_Resp,19_Timing_First Click,19_Timing_Last Click,19_Timing_Page Submit,19_Timing_Click Count,20_Resp,20_Timing_First Click,20_Timing_Last Click,20_Timing_Page Submit,20_Timing_Click Count,21_Resp,21_Timing_First Click,21_Timing_Last Click,21_Timing_Page Submit,21_Timing_Click Count,22_Resp,22_Timing_First Click,22_Timing_Last Click,22_Timing_Page Submit,22_Timing_Click Count,23_Resp,23_Timing_First Click,23_Timing_Last Click,23_Timing_Page Submit,23_Timing_Click Count,24_Resp,24_Timing_First Click,24_Timing_Last Click,24_Timing_Page Submit,24_Timing_Click Count,25_Resp,25_Timing_First Click,25_Timing_Last Click,25_Timing_Page Submit,25_Timing_Click Count,26_Resp,26_Timing_First Click,26_Timing_Last Click,26_Timing_Page Submit,26_Timing_Click Count,27_Resp,27_Timing_First Click,27_Timing_Last Click,27_Timing_Page Submit,27_Timing_Click Count,28_Resp,28_Timing_First Click,28_Timing_Last Click,28_Timing_Page Submit,28_Timing_Click Count,29_Resp,29_Timing_First Click,29_Timing_Last Click,29_Timing_Page Submit,29_Timing_Click Count,30_Resp,30_Timing_First Click,30_Timing_Last Click,30_Timing_Page Submit,30_Timing_Click Count,31_Resp,31_Timing_First Click,31_Timing_Last Click,31_Timing_Page Submit,31_Timing_Click Count,32_Resp,32_Timing_First Click,32_Timing_Last Click,32_Timing_Page Submit,32_Timing_Click Count,33_Resp,33_Timing_First Click,33_Timing_Last Click,33_Timing_Page Submit,33_Timing_Click Count,34_Resp,34_Timing_First Click,34_Timing_Last Click,34_Timing_Page Submit,34_Timing_Click Count,35_Resp,35_Timing_First Click,35_Timing_Last Click,35_Timing_Page Submit,35_Timing_Click Count,36_Resp,36_Timing_First Click,36_Timing_Last Click,36_Timing_Page Submit,36_Timing_Click Count,37_Resp,37_Timing_First Click,37_Timing_Last Click,37_Timing_Page Submit,37_Timing_Click Count,38_Resp,38_Timing_First Click,38_Timing_Last Click,38_Timing_Page Submit,38_Timing_Click Count,39_Resp,39_Timing_First Click,39_Timing_Last Click,39_Timing_Page Submit,39_Timing_Click Count,40_Resp,40_Timing_First Click,40_Timing_Last Click,40_Timing_Page Submit,40_Timing_Click Count,41_Resp,41_Timing_First Click,41_Timing_Last Click,41_Timing_Page Submit,41_Timing_Click Count,42_Resp,42_Timing_First Click,42_Timing_Last Click,42_Timing_Page Submit,42_Timing_Click Count,43_Resp,43_Timing_First Click,43_Timing_Last Click,43_Timing_Page Submit,43_Timing_Click Count,44_Resp,44_Timing_First Click,44_Timing_Last Click,44_Timing_Page Submit,44_Timing_Click Count,45_Resp,45_Timing_First Click,45_Timing_Last Click,45_Timing_Page Submit,45_Timing_Click Count,46_Resp,46_Timing_First Click,46_Timing_Last Click,46_Timing_Page Submit,46_Timing_Click Count,47_Resp,47_Timing_First Click,47_Timing_Last Click,47_Timing_Page Submit,47_Timing_Click Count,48_Resp,48_Timing_First Click,48_Timing_Last Click,48_Timing_Page Submit,48_Timing_Click Count,49_Resp,49_Timing_First Click,49_Timing_Last Click,49_Timing_Page Submit,49_Timing_Click Count,50_Resp,50_Timing_First Click,50_Timing_Last Click,50_Timing_Page Submit,50_Timing_Click Count,51_Resp,51_Timing_First Click,51_Timing_Last Click,51_Timing_Page Submit,51_Timing_Click Count,52_Resp,52_Timing_First Click,52_Timing_Last Click,52_Timing_Page Submit,52_Timing_Click Count,53_Resp,53_Timing_First Click,53_Timing_Last Click,53_Timing_Page Submit,53_Timing_Click Count,54_Resp,54_Timing_First Click,54_Timing_Last Click,54_Timing_Page Submit,54_Timing_Click Count,55_Resp,55_Timing_First Click,55_Timing_Last Click,55_Timing_Page Submit,55_Timing_Click Count,56_Resp,56_Timing_First Click,56_Timing_Last Click,56_Timing_Page Submit,56_Timing_Click Count,57_Resp,57_Timing_First Click,57_Timing_Last Click,57_Timing_Page Submit,57_Timing_Click Count,58_Resp,58_Timing_First Click,58_Timing_Last Click,58_Timing_Page Submit,58_Timing_Click Count,59_Resp,59_Timing_First Click,59_Timing_Last Click,59_Timing_Page Submit,59_Timing_Click Count,60_Resp,60_Timing_First Click,60_Timing_Last Click,60_Timing_Page Submit,60_Timing_Click Count,61_Resp,61_Timing_First Click,61_Timing_Last Click,61_Timing_Page Submit,61_Timing_Click Count,mTurkCode
V2,"


6",0.93,0.93,0.946,1,"


8",0.46,0.46,0.473,1,"An extremely strong
foreign accent
9",0.244,0.244,0.255,1,"


6",0.79,0.79,0.701,1,"


7",0.483,0.483,0.495,1,"


5",0.661,0.661,0.674,1,"


5",1.101,1.101,1.114,1,"


8",0.459,0.459,0.472,1,"


6",0.592,0.592,0.501,1,"


7",0.755,0.755,0.774,1,"


8",1.073,1.073,1.087,1,"


6",0.653,0.653,0.665,1,"An extremely strong
foreign accent
9",0.749,0.749,0.76,1,"


8",0.36,0.36,0.372,1,"An extremely strong
foreign accent
9",1.329,1.329,1.342,1,"An extremely strong
foreign accent
9",0.332,0.332,0.346,1,"An extremely strong
foreign accent
9",0.742,0.742,0.755,1,"


8",0.444,0.444,0.456,1,"An extremely strong
foreign accent
9",0.43,0.43,0.443,1,"


8",0.448,0.448,0.476,1,"


2",0.814,0.814,0.828,1,"


7",0.589,0.589,0.501,1,"


5",0.683,0.683,0.7,1,"


6",0.73,0.73,0.743,1,"


6",0.883,0.883,0.897,1,"


3",0.411,0.411,0.423,1,"A native English speaker
1",0.201,0.201,0.215,1,"


3",0.608,0.608,0.62,1,"


3",0.416,0.416,0.429,1,"


6",0.288,0.288,0.301,1,"A native English speaker
1",0.266,0.266,0.28,1,"


6",0.692,0.692,0.601,1,"


6",0.522,1.281,1.297,2,"


4",2.293,2.293,2.2,1,"


7",0.506,0.506,0.519,1,"A native English speaker
1",0.64,0.64,0.657,1,"


2",0.536,0.536,0.549,1,"A native English speaker
1",0.294,0.294,0.307,1,"


2",1.002,1.002,1.022,1,"A native English speaker
1",0.3,0.3,0.314,1,"A native English speaker
1",1.28,1.28,1.2,1,"A native English speaker
1",0.251,0.251,0.267,1,"A native English speaker
1",0.261,0.261,0.277,1,"A native English speaker
1",0.305,0.305,0.322,1,"A native English speaker
1",0.715,0.715,0.73,1,"A native English speaker
1",0.337,0.337,0.352,1,"A native English speaker
1",0.349,1.021,1.032,2,"A native English speaker
1",0.418,0.418,0.446,1,"A native English speaker
1",0.301,0.301,0.419,1,"A native English speaker
1",0.327,0.327,0.342,1,"A native English speaker
1",0.449,0.449,0.463,1,"A native English speaker
1",0.306,0.306,0.318,1,"A native English speaker
1",0.359,0.359,0.376,1,"A native English speaker
1",0.285,0.285,0.2,1,"A native English speaker
1",0.328,0.328,0.34,1,"A native English speaker
1",0.445,0.445,0.459,1,"A native English speaker
1",0.613,0.613,0.627,1,"A native English speaker
1",0.752,0.752,0.764,1,"A native English speaker
1",0.421,0.421,0.438,1,"A native English speaker
1",0.219,0.219,0.233,1,7914282
V2,"


8",0.371,0.371,0.379,1,"


7",1.955,1.955,1.965,1,"An extremely strong
foreign accent
9",1.428,1.428,1.439,1,"


4",1.963,1.963,1.976,1,"


7",2.238,2.238,2.249,1,"


5",0.258,0.258,0.268,1,"


7",0.477,0.477,0.485,1,"


5",0.573,0.573,0.582,1,"


6",0.357,0.357,0.367,1,"


8",1.918,1.918,1.928,1,"


8",0.266,1.634,1.645,2,"


7",0.877,0.877,0.887,1,"


6",1.226,1.226,1.234,1,"


8",0.597,0.597,0.606,1,"


7",5.92,5.92,5.932,1,"


8",2.013,2.013,2.022,1,"


8",0.325,0.325,0.336,1,"


8",0.493,0.493,0.4,1,"


8",1.089,1.089,1.097,1,"


8",0.487,0.487,0.498,1,"


6",0.481,0.481,0.489,1,"


7",0.366,0.366,0.375,1,"


6",1.234,1.234,1.243,1,"


6",0.59,0.59,0.602,1,"


7",0.717,0.717,0.725,1,"


5",0.969,0.969,0.977,1,"


3",0.383,0.383,0.391,1,"


4",0.529,0.529,0.538,1,"


5",0.429,0.429,0.437,1,"


6",1.007,1.532,1.545,2,"


2",0.97,0.97,0.978,1,"


4",0.497,0.497,0.402,1,"


2",1.241,1.241,1.25,1,"


4",0.541,0.541,0.557,1,"


4",1.125,1.125,1.138,1,"


2",1.013,1.013,1.024,1,"


4",1.126,1.126,1.138,1,"


3",0.509,0.509,0.518,1,"


4",1.577,1.577,1.586,1,"


6",0.405,0.405,0.414,1,"A native English speaker
1",0.002,0.002,0.015,1,"A native English speaker
1",0.062,0.062,0.07,1,"A native English speaker
1",0.12,0.12,0.129,1,"A native English speaker
1",0.128,0.128,0.138,1,"A native English speaker
1",1.386,1.386,1.301,1,"A native English speaker
1",2.328,2.328,2.342,1,"A native English speaker
1",0.001,0.001,0.015,1,"A native English speaker
1",0.109,0.109,0.123,1,"A native English speaker
1",0.304,0.304,0.312,1,"A native English speaker
1",0.429,0.429,0.438,1,"A native English speaker
1",0.061,0.061,0.069,1,"A native English speaker
1",0.147,0.147,0.156,1,"A native English speaker
1",0.169,0.169,0.177,1,"A native English speaker
1",0.113,0.581,0.59,2,"A native English speaker
1",0.045,0.045,0.054,1,"A native English speaker
1",1.631,1.631,1.645,1,"A native English speaker
1",2.042,2.042,2.051,1,"A native English speaker
1",0.46,0.46,0.469,1,"A native English speaker
1",0.242,0.242,0.254,1,"A native English speaker
1",0.091,0.091,0.099,1,8728142
V2,"An extremely strong
foreign accent
9",2.048,2.048,2.076,1,"An extremely strong
foreign accent
9",0.031,0.031,0.047,1,"An extremely strong
foreign accent
9",0.684,0.684,0.702,1,"An extremely strong
foreign accent
9",2.363,2.363,2.386,1,"An extremely strong
foreign accent
9",0.008,0.008,0.021,1,"An extremely strong
foreign accent
9",6.609,6.609,6.621,1,"


8",1.407,1.407,1.435,1,"


8",3.061,3.061,3.073,1,"


8",1.704,1.704,1.72,1,"An extremely strong
foreign accent
9",1.028,1.028,1.042,1,"An extremely strong
foreign accent
9",0.621,0.621,0.637,1,"An extremely strong
foreign accent
9",0.108,0.108,0.12,1,"An extremely strong
foreign accent
9",0.061,0.061,0.081,1,"An extremely strong
foreign accent
9",4.367,4.367,4.383,1,"An extremely strong
foreign accent
9",4.901,4.901,4.923,1,"A native English speaker
1",1.473,1.473,1.527,1,"An extremely strong
foreign accent
9",0.321,0.321,0.333,1,"An extremely strong
foreign accent
9",1.183,1.552,1.565,2,"An extremely strong
foreign accent
9",0.039,0.039,0.054,1,"An extremely strong
foreign accent
9",3.052,3.052,3.072,1,"An extremely strong
foreign accent
9",5.291,5.291,5.2,1,"An extremely strong
foreign accent
9",6.265,6.265,6.281,1,"An extremely strong
foreign accent
9",0.114,0.114,0.128,1,"An extremely strong
foreign accent
9",0.118,0.118,0.138,1,"An extremely strong
foreign accent
9",6.369,6.369,6.297,1,"An extremely strong
foreign accent
9",0.047,0.047,0,1,"A native English speaker
1",1.629,1.629,1.641,1,"An extremely strong
foreign accent
9",3.701,3.701,3.721,1,"An extremely strong
foreign accent
9",4.131,4.131,4.154,1,"An extremely strong
foreign accent
9",1.859,1.859,1.889,1,"


8",0.267,0.267,0.293,1,"An extremely strong
foreign accent
9",0.214,0.214,0.266,1,"An extremely strong
foreign accent
9",8.943,9.324,9.343,2,"An extremely strong
foreign accent
9",0.097,0.097,0.117,1,"


7",1.947,2.579,2.501,2,"A native English speaker
1",1.416,1.416,1.43,1,"An extremely strong
foreign accent
9",0.022,0.022,0.039,1,"


7",0.139,0.57,0.584,2,"


7",1.826,1.826,1.844,1,"An extremely strong
foreign accent
9",0.778,0.778,0.791,1,"A native English speaker
1",3.465,3.465,3.49,1,"A native English speaker
1",0.489,0.489,0.402,1,"A native English speaker
1",0.078,0.078,0.094,1,"A native English speaker
1",0.074,0.074,0.086,1,"A native English speaker
1",0.105,0.105,0.12,1,"A native English speaker
1",0.267,0.267,0.279,1,"


3",2.076,2.076,2.093,1,"A native English speaker
1",0.01,0.01,0.023,1,"A native English speaker
1",0.016,0.016,0.03,1,"A native English speaker
1",0.058,0.058,0.076,1,"


3",2.313,2.313,2.328,1,"A native English speaker
1",0.138,0.138,0.152,1,"


4",3.108,4.171,4.194,2,"A native English speaker
1",0.126,0.126,0.168,1,"A native English speaker
1",2.67,2.67,2.697,1,"A native English speaker
1",4.332,4.332,4.353,1,"A native English speaker
1",0.108,0.108,0.121,1,"A native English speaker
1",0.015,0.015,0.032,1,"A native English speaker
1",0.123,0.123,0.135,1,"A native English speaker
1",0.082,0.082,0,1,3485279
V2,"


7",0.702,0.702,0.648,1,"


5",0.941,0.941,0.902,1,"


5",1.729,1.729,1.661,1,"


5",0.556,0.556,0.541,1,"


3",0.628,0.628,0.601,1,"


4",0.63,0.63,0.706,1,"


3",0.536,0.536,0.598,1,"


7",0.655,0.655,0.601,1,"


6",1.042,1.042,1.006,1,"


5",0.717,0.717,0.772,1,"


5",0.918,0.918,0.905,1,"


6",1.115,1.115,1.178,1,"


8",0.329,0.329,0.37,1,"


5",0.784,0.784,0.72,1,"


5",0.36,0.36,0.304,1,"


6",0.767,0.767,0.701,1,"


5",0.3,0.3,0.353,1,"


7",0.524,0.524,0.591,1,"


6",0.264,0.264,0.201,1,"


6",0.535,0.535,0.511,1,"


2",0.266,0.266,0.201,1,"


4",0.581,0.581,0.644,1,"


3",0.578,0.578,0.502,1,"


4",0.544,0.544,0.617,1,"


3",0.769,0.769,0.825,1,"


3",0.244,0.244,0.201,1,"A native English speaker
1",0.12,0.12,0.2,1,"


5",0.499,0.499,0.57,1,"


3",0.1,0.1,0.279,1,"


3",2.307,2.307,2.393,1,"


2",0.294,0.294,0.419,1,"


3",0.199,0.199,0.253,1,"


2",0.254,0.254,0.202,1,"


4",0.423,0.423,0.489,1,"


2",0.602,0.602,1.214,1,"


2",0.712,0.712,0.644,1,"


2",0.278,0.278,0.695,1,"A native English speaker
1",0.558,0.558,0.509,1,"A native English speaker
1",1.181,1.181,1.104,1,"


3",0.512,0.512,0.452,1,"A native English speaker
1",0.122,0.122,0.103,1,"A native English speaker
1",0.458,0.458,0.427,1,"A native English speaker
1",0.245,0.245,0.204,1,"A native English speaker
1",0.404,0.404,0.478,1,"


2",0.219,0.219,0.287,1,"A native English speaker
1",0.532,0.532,0.5,1,"A native English speaker
1",0.015,0.015,0,1,"A native English speaker
1",0.071,0.071,0,1,"A native English speaker
1",0.51,0.51,0.591,1,"A native English speaker
1",0.081,0.081,0,1,"A native English speaker
1",0.494,0.494,0.574,1,"A native English speaker
1",0.219,0.219,0.283,1,"A native English speaker
1",0.361,0.361,0.302,1,"A native English speaker
1",0.349,0.349,0.304,1,"A native English speaker
1",0.7,0.7,0.802,1,"A native English speaker
1",0.15,0.15,0.1,1,"A native English speaker
1",0.545,0.545,0.601,1,"A native English speaker
1",0.73,0.73,0.701,1,"A native English speaker
1",0,0,0.23,1,"A native English speaker
1",0.777,0.777,0.703,1,9919213
V2,"An extremely strong
foreign accent
9",0.473,0.473,0.401,1,"


6",0.405,0.405,0.378,1,"


8",0.189,0.189,0.255,1,"


7",0.061,0.061,0,1,"


7",0.394,1.44,1.393,3,"


5",1.487,1.487,1.614,1,"


5",7.566,7.566,8.015,1,"


6",0.374,0.374,0.302,1,"


8",0.078,0.078,0,1,"


8",0.031,0.031,0,1,"


7",0,0,0.199,1,"An extremely strong
foreign accent
9",6.726,6.726,6.739,1,"An extremely strong
foreign accent
9",0.03,0.03,0,1,"An extremely strong
foreign accent
9",0,0,0.233,0,"An extremely strong
foreign accent
9",0.022,0.022,0,1,"


8",0.008,0.008,0,1,"An extremely strong
foreign accent
9",0.094,0.094,0.218,1,"


7",0.137,0.137,0.619,1,"An extremely strong
foreign accent
9",0.275,0.275,0.255,1,"


8",0.56,0.834,0.938,2,"


5",0.018,0.018,0,1,"


6",0,0,0.228,0,"


7",0.061,0.061,0,1,"


6",0.387,0.387,0.304,1,"


7",0.184,0.184,0.143,1,"


7",0.191,0.191,0.338,1,"


5",0.735,0.735,1.041,1,"


7",0,0,0.48,1,"


5",0.505,0.505,0.607,1,"


7",0.735,0.735,0.728,1,"


5",1.618,1.618,1.726,1,"


4",0.798,0.798,0.887,1,"


7",0.554,0.554,0.589,1,"


7",0.676,0.676,0.625,1,"


6",0.248,0.248,0.206,1,"


2",0.119,0.119,0.564,1,"


5",0.201,0.201,0.278,1,"


6",0,0,0,0,"


6",3.362,3.362,3.444,1,"


6",1.536,1.536,1.52,1,"A native English speaker
1",0.455,0.76,0.863,2,"A native English speaker
1",0.237,0.237,0.461,1,"A native English speaker
1",0.019,0.019,0,1,"A native English speaker
1",0.1,0.1,0.279,1,"A native English speaker
1",0,0,0,0,"A native English speaker
1",1.226,1.226,1.221,1,"A native English speaker
1",1.823,1.823,1.752,1,"A native English speaker
1",0.113,0.113,0.437,1,"


3",0.372,0.372,0.306,1,"A native English speaker
1",0.687,0.687,0.727,1,"


4",5.673,5.673,5.62,1,"


4",1.65,1.65,1.589,1,"A native English speaker
1",0,0,0.268,1,"


4",0.511,0.779,0.713,2,"


5",0.066,0.066,0,1,"


2",0,0,0.261,1,"


2",1.385,1.385,1.479,1,"A native English speaker
1",0.244,0.244,0.205,1,"


5",0,0,0.203,1,"A native English speaker
1",0.098,0.098,0.168,1,4464430
V2,"


5",1.475,1.475,1.401,1,"


4",1.529,1.529,1.558,1,"


4",2.037,2.037,2.063,1,"


5",6.049,6.049,6.083,1,"


5",6.734,6.734,6.766,1,"


7",2.013,2.013,2.041,1,"


5",1.534,1.534,1.567,1,"


7",8.745,8.745,8.781,1,"


5",1.435,1.435,1.465,1,"


6",4.182,4.182,4.217,1,"


7",5.966,5.966,5.996,1,"


5",4.281,4.281,4.317,1,"


5",4.413,4.413,4.442,1,"


6",10.656,10.656,10.687,1,"


6",15.474,15.474,15.506,1,"


6",7.405,7.405,7.439,1,"


5",39,39,39.031,1,"


5",19.489,20.082,19.998,2,"


6",5.467,5.467,5.509,1,"


2",0.887,0.887,0.801,1,"


4",0.944,0.944,0.985,1,"


7",15.253,15.253,15.291,1,"


6",30.716,30.716,30.748,1,"


6",1.288,1.896,1.924,2,"


5",0.761,0.761,0.791,1,"


6",12.159,12.159,12.188,1,"


6",16.061,16.061,16.351,1,"


5",1.407,1.407,1.439,1,"


6",1.968,1.968,1.993,1,"


5",1.035,1.035,1.075,1,"An extremely strong
foreign accent
9",2.509,2.509,2.537,1,"


5",19.622,19.622,19.653,1,"


6",8.306,8.306,8.353,1,"


6",1.333,1.333,1.366,1,"


6",15.728,15.728,15.757,1,"


5",6.365,6.365,6.274,1,"


8",5.152,5.152,5.074,1,"


6",4.056,4.056,4.088,1,"


5",1.115,1.115,1.039,1,"


6",1.344,1.344,1.369,1,"


5",1.621,1.621,1.653,1,"


5",21.398,22.031,22.073,2,"


6",73.545,73.545,73.582,1,"


7",0.792,0.792,0.701,1,"


5",2.618,2.618,2.647,1,"


6",33.539,34.981,35.019,2,"


6",37.099,37.099,37.129,1,"


6",0.92,1.456,1.489,2,"


5",1.475,1.475,1.401,1,"


7",13.023,13.023,12.939,1,"


4",0.711,0.711,0.736,1,"


6",30.551,31.176,31.206,2,"


6",0.419,0.419,0.447,1,"


4",6.069,6.069,6.107,1,"


5",0.577,0.577,0.502,1,"


5",34.579,34.579,34.611,1,"


5",1.398,1.398,1.308,1,"


6",0.872,0.872,0.897,1,"


6",12.701,12.701,12.727,1,"


7",10.062,10.062,10.09,1,3855539
V2,"An extremely strong
foreign accent
9",0.639,0.639,0.652,1,"An extremely strong
foreign accent
9",0.243,0.243,0.27,1,"


8",0.347,0.347,0.373,1,"


6",0.422,0.422,0.473,1,"


6",0.707,0.707,0.72,1,"


8",0.47,0.47,0.487,1,"


7",0.977,0.977,0.902,1,"


4",0.232,0.232,0.262,1,"An extremely strong
foreign accent
9",0.503,0.503,0.533,1,"An extremely strong
foreign accent
9",0.245,0.245,0.274,1,"A native English speaker
1",0.583,0.583,0.5,1,"An extremely strong
foreign accent
9",0.505,0.505,0.538,1,"An extremely strong
foreign accent
9",0.317,0.317,0.35,1,"


6",0.673,0.673,0.6,1,"


2",0.65,0.65,0.682,1,"An extremely strong
foreign accent
9",0.269,0.269,0.2,1,"


3",1.011,1.011,1.027,1,"


3",0.615,0.615,0.648,1,"


5",0.167,0.167,0.1,1,"An extremely strong
foreign accent
9",0.277,0.277,0.298,1,"


4",0.595,0.595,0.5,1,"A native English speaker
1",0.183,0.183,0.1,1,"


4",0.339,0.339,0.36,1,"A native English speaker
1",0.733,0.733,0.745,1,"A native English speaker
1",0.161,0.161,0.196,1,"


5",0.557,0.557,0.569,1,"


2",0.376,0.376,0.394,1,"A native English speaker
1",0.281,0.281,0.293,1,"


3",0.244,0.244,0.263,1,"A native English speaker
1",0.394,0.394,0.421,1,"A native English speaker
1",0.416,0.416,0.45,1,"A native English speaker
1",0.272,0.272,0.288,1,"A native English speaker
1",0.424,0.424,0.443,1,"A native English speaker
1",0.284,0.284,0.299,1,"A native English speaker
1",0.51,0.51,0.545,1,"


3",0.237,0.237,0.267,1,"


7",0.143,0.143,0.16,1,"A native English speaker
1",0.117,0.117,0.149,1,"


4",0.695,0.695,0.735,1,"


7",1.015,1.015,1.035,1,"A native English speaker
1",0.546,0.546,0.574,1,"A native English speaker
1",0.462,0.462,0.498,1,"A native English speaker
1",0.296,0.296,0.32,1,"A native English speaker
1",0.151,0.151,0.172,1,"A native English speaker
1",0.615,0.615,0.628,1,"A native English speaker
1",0.299,0.299,0.319,1,"A native English speaker
1",0.329,0.329,0.357,1,"A native English speaker
1",0.356,0.356,0.393,1,"A native English speaker
1",0.443,0.443,0.476,1,"A native English speaker
1",0.187,0.187,0.1,1,"A native English speaker
1",0.338,0.338,0.368,1,"A native English speaker
1",0.274,0.274,0.2,1,"


2",0.618,1.186,1.1,2,"A native English speaker
1",0.194,0.194,0.225,1,"A native English speaker
1",0.42,0.42,0.451,1,"A native English speaker
1",0.434,0.434,0.446,1,"A native English speaker
1",0.414,0.414,0.443,1,"A native English speaker
1",0.294,0.294,0.338,1,"


5",0.651,0.651,0.665,1,"A native English speaker
1",0.22,0.22,0.245,1,7723805
V2,"


8",0.823,0.823,0.846,1,"


8",1.312,1.312,1.327,1,"


7",0.6,0.6,0.716,1,"


7",0.719,0.719,0.737,1,"


6",1.201,1.201,1.215,1,"


8",0.927,0.927,0.948,1,"


6",0.958,0.958,0.975,1,"


8",1.151,1.151,1.167,1,"


6",1.735,1.735,1.75,1,"


7",0.769,0.769,0.784,1,"


3",1.477,1.477,1.5,1,"


8",0.627,0.627,0.649,1,"


7",1.061,1.061,1.074,1,"


8",0.882,0.882,0.896,1,"


8",0.736,0.736,0.749,1,"


8",1.099,1.099,1.114,1,"


7",1.357,1.357,1.372,1,"An extremely strong
foreign accent
9",1.492,1.492,1.402,1,"


8",1.387,1.387,1.301,1,"


6",1.618,1.618,1.632,1,"


2",1.209,1.209,1.246,1,"


8",0.724,0.724,0.737,1,"


7",1.001,1.001,1.123,1,"


3",0.861,0.861,0.876,1,"


2",8.028,8.028,8.042,1,"


7",0.742,0.742,0.759,1,"


3",0.649,0.649,0.663,1,"


3",1.223,1.223,1.237,1,"


3",0.652,0.652,0.666,1,"


3",1.332,1.332,1.346,1,"A native English speaker
1",0.457,0.457,0.47,1,"


3",0.798,0.798,0.818,1,"


2",1.273,1.273,1.289,1,"


3",0.77,0.77,0.788,1,"A native English speaker
1",0.619,0.619,0.632,1,"A native English speaker
1",1.153,1.153,1.171,1,"


3",0.962,0.962,0.987,1,"


2",1.686,1.686,1.6,1,"


2",0.749,0.749,0.766,1,"


2",0.955,0.955,0.97,1,"A native English speaker
1",0.758,0.758,0.772,1,"A native English speaker
1",0.967,0.967,0.985,1,"A native English speaker
1",0.455,0.455,0.47,1,"


2",0.584,0.584,0.603,1,"


2",0.815,0.815,0.831,1,"


4",1.246,1.246,1.265,1,"


3",0.973,0.973,0.986,1,"


3",1.086,1.086,1.101,1,"


4",0.765,0.765,0.777,1,"A native English speaker
1",0.297,0.297,0.31,1,"


3",0.551,0.551,0.567,1,"


2",0.981,0.981,0.996,1,"


5",2.34,2.34,2.354,1,"


2",1.188,1.188,1.102,1,"A native English speaker
1",0.922,0.922,0.938,1,"


4",0.942,0.942,0.955,1,"


3",0.843,0.843,0.861,1,"


5",1.355,1.355,1.369,1,"


3",1.298,1.298,1.313,1,"A native English speaker
1",0.636,0.636,0.65,1,5641834
V2,"An extremely strong
foreign accent
9",0.371,0.371,0.38,1,"


8",1.981,1.981,1.989,1,"


5",0.321,0.321,0.33,1,"


6",0.693,0.693,0.601,1,"


7",1.286,1.286,1.297,1,"


7",1.012,1.012,1.024,1,"An extremely strong
foreign accent
9",0.025,0.025,0.034,1,"


7",0.24,0.24,0.249,1,"An extremely strong
foreign accent
9",1.862,1.862,1.871,1,"


8",0.389,0.389,0.4,1,"An extremely strong
foreign accent
9",0.32,0.32,0.328,1,"


7",1.12,1.12,1.129,1,"


7",1.409,1.706,1.715,2,"An extremely strong
foreign accent
9",1.117,1.117,1.126,1,"


7",2.773,2.773,2.784,1,"An extremely strong
foreign accent
9",0.038,0.038,0.047,1,"An extremely strong
foreign accent
9",1.043,1.043,1.053,1,"An extremely strong
foreign accent
9",0.562,0.562,0.57,1,"An extremely strong
foreign accent
9",2.604,2.604,2.614,1,"An extremely strong
foreign accent
9",0.001,0.001,0.016,1,"A native English speaker
1",0.069,0.069,0.081,1,"A native English speaker
1",0.06,0.06,0.069,1,"


2",1.193,1.193,1.101,1,"


5",2.103,2.103,2.113,1,"


5",1.186,1.186,1.196,1,"


4",2.11,2.11,2.119,1,"A native English speaker
1",0.792,0.792,0.801,1,"A native English speaker
1",0.91,0.91,0.922,1,"A native English speaker
1",0.032,0.032,0.042,1,"A native English speaker
1",0.039,0.039,0.049,1,"A native English speaker
1",0.011,0.011,0.02,1,"A native English speaker
1",0.016,0.016,0.025,1,"


4",1.487,1.487,1.497,1,"


8",2.591,2.591,2.6,1,"A native English speaker
1",1.059,1.059,1.069,1,"A native English speaker
1",0.154,0.154,0.164,1,"A native English speaker
1",0.073,0.073,0.083,1,"A native English speaker
1",0.192,0.488,0.495,2,"A native English speaker
1",0.073,0.073,0.082,1,"A native English speaker
1",0.006,0.006,0.015,1,"


5",0.419,0.419,0.428,1,"A native English speaker
1",0.319,0.319,0.329,1,"A native English speaker
1",0.04,0.04,0.05,1,"A native English speaker
1",0.096,0.096,0,1,"A native English speaker
1",2.75,2.75,2.761,1,"A native English speaker
1",0.087,0.087,0.096,1,"A native English speaker
1",0.15,0.15,0.161,1,"A native English speaker
1",0.087,0.087,0.097,1,"A native English speaker
1",0.072,0.072,0.084,1,"A native English speaker
1",0.057,0.057,0.068,1,"A native English speaker
1",0.038,0.038,0.047,1,"A native English speaker
1",0.836,0.836,0.845,1,"A native English speaker
1",0.222,0.222,0.231,1,"A native English speaker
1",4.298,4.298,4.307,1,"A native English speaker
1",0.868,0.868,0.878,1,"


2",0.123,0.403,0.413,2,"A native English speaker
1",0.558,0.558,0.568,1,"A native English speaker
1",0.169,0.169,0.18,1,"A native English speaker
1",0.165,0.165,0.175,1,"A native English speaker
1",0.066,0.066,0.077,1,2218028
V2,"


7",0.556,0.556,0.562,1,"


7",0.466,0.466,0.473,1,"


7",0.465,0.465,0.471,1,"


5",0.077,0.077,0.083,1,"


5",0.492,0.492,0.498,1,"


5",1.14,1.14,1.147,1,"


5",0.276,0.276,0.283,1,"


4",0.142,0.615,0.621,2,"


3",0.37,0.37,0.376,1,"


7",0.111,0.111,0.118,1,"


7",0.165,0.165,0.171,1,"


7",0.091,0.091,0.097,1,"


7",0.112,0.112,0.12,1,"


7",0.154,0.154,0.162,1,"


8",0.407,0.407,0.414,1,"


7",0.381,0.381,0.388,1,"


5",1.144,1.144,1.151,1,"


7",0.526,0.526,0.532,1,"


7",0.154,0.154,0.16,1,"


7",0.072,0.072,0.078,1,"


3",0.332,0.332,0.338,1,"


7",0.402,0.402,0.409,1,"


4",0.982,0.982,0.989,1,"


7",0.108,0.108,0.116,1,"


7",1.271,1.271,1.277,1,"


5",0.069,0.069,0.076,1,"


2",0.28,0.28,0.286,1,"


3",0.472,0.472,0.478,1,"


2",0.271,0.271,0.277,1,"


4",0.559,0.8,0.807,2,"


4",0.101,0.101,0.107,1,"


3",0.33,0.33,0.336,1,"


4",0.207,0.207,0.214,1,"


4",0.25,0.25,0.257,1,"


4",0.714,0.714,0.722,1,"A native English speaker
1",0.002,0.002,0.008,1,"


3",0.335,0.335,0.342,1,"


3",0.149,0.149,0.155,1,"


4",0.284,0.284,0.29,1,"A native English speaker
1",0.08,0.08,0.086,1,"A native English speaker
1",0.03,0.03,0.037,1,"A native English speaker
1",0.065,0.065,0.072,1,"A native English speaker
1",0.287,0.287,0.295,1,"A native English speaker
1",0.021,0.682,0.689,2,"


5",0.149,0.149,0.156,1,"A native English speaker
1",0.764,0.764,0.77,1,"


3",0.207,0.207,0.214,1,"A native English speaker
1",0.128,0.128,0.134,1,"A native English speaker
1",0.042,0.042,0.048,1,"A native English speaker
1",0.127,0.127,0.133,1,"A native English speaker
1",0.496,0.496,0.401,1,"


5",0.115,0.612,0.619,2,"


2",0.288,0.288,0.296,1,"A native English speaker
1",0.096,0.096,0,1,"A native English speaker
1",0.055,0.055,0.063,1,"A native English speaker
1",0.03,0.03,0.036,1,"A native English speaker
1",0.114,0.114,0.122,1,"A native English speaker
1",0.013,0.013,0.02,1,"


3",0.189,0.189,0.196,1,"A native English speaker
1",0.078,0.078,0.084,1,3927255
V2,"An extremely strong
foreign accent
9",0.129,0.129,0.175,1,"


8",0.196,0.196,0.276,1,"An extremely strong
foreign accent
9",0.282,0.282,0.21,1,"


5",0.293,0.293,0.201,1,"


8",0.999,0.999,1.03,1,"


5",0.397,0.397,0.445,1,"


8",0.901,0.901,1.056,1,"


7",0,0,0,0,"


8",0.103,0.103,0.304,1,"


8",1.755,1.755,1.792,1,"


7",0.008,0.008,0,1,"An extremely strong
foreign accent
9",0,0,0.466,0,"


8",1.431,1.431,1.401,1,"An extremely strong
foreign accent
9",0.12,0.12,0.418,1,"An extremely strong
foreign accent
9",0.182,0.182,0.123,1,"An extremely strong
foreign accent
9",0.512,0.512,0.536,1,"


6",0.17,0.17,0.1,1,"An extremely strong
foreign accent
9",0.043,0.043,0,1,"An extremely strong
foreign accent
9",0.343,0.343,0.385,1,"An extremely strong
foreign accent
9",1.462,1.462,1.485,1,"


5",0.102,0.102,0.458,1,"


7",0.549,0.549,0.616,1,"


5",2.383,2.383,2.301,1,"


5",0.367,0.891,0.998,2,"


5",0.401,0.401,0.572,1,"


7",0.01,0.01,0,1,"


3",0.604,0.604,0.602,1,"


3",0.335,0.335,0.378,1,"


3",0.572,0.572,0.5,1,"


7",1.137,1.137,1.204,1,"A native English speaker
1",0.115,0.115,0.158,1,"


2",0.3,0.3,0.339,1,"


4",0.111,0.602,0.893,2,"


2",3.637,3.637,3.661,1,"


5",2.341,2.341,2.377,1,"


3",0.145,0.145,0.206,1,"


3",0.228,0.228,0.201,1,"


2",0.828,0.828,0.742,1,"


3",0.088,0.088,0,1,"


3",0,0,0.201,1,"A native English speaker
1",0.005,0.005,0,1,"A native English speaker
1",0.133,0.133,0.2,1,"A native English speaker
1",0.016,0.016,0,1,"A native English speaker
1",0,0,0.184,1,"A native English speaker
1",0,0,0.266,1,"A native English speaker
1",0.094,0.094,0,1,"A native English speaker
1",0.083,0.083,0,1,"A native English speaker
1",0.131,0.131,0.103,1,"A native English speaker
1",0.096,0.096,0.166,1,"A native English speaker
1",0.034,0.034,0.075,1,"A native English speaker
1",0.262,0.262,0.2,1,"A native English speaker
1",0.08,0.08,0,1,"A native English speaker
1",0.043,0.043,0.091,1,"A native English speaker
1",0.076,0.076,0,1,"A native English speaker
1",0.034,0.034,0,1,"A native English speaker
1",0.147,0.147,0.104,1,"A native English speaker
1",0.008,0.008,0,1,"A native English speaker
1",0.077,0.077,0,1,"A native English speaker
1",0.119,0.119,0.163,1,"A native English speaker
1",0.265,0.265,0.201,1,3410389
V2,"


3",0.718,0.718,0.736,1,"


3",0.518,0.518,0.555,1,"


7",0.838,0.838,0.862,1,"


7",0.858,0.858,0.876,1,"


7",0.501,0.501,0.648,1,"


7",1.377,1.377,1.401,1,"


7",0.391,0.391,0.301,1,"


2",0.3,0.3,0.447,1,"


2",2.094,2.094,2.13,1,"


7",0.972,0.972,0.992,1,"


7",0.292,0.292,0.201,1,"


7",0.639,0.639,0.672,1,"


6",0.847,0.847,0.882,1,"An extremely strong
foreign accent
9",2.253,2.253,2.271,1,"


3",0.769,0.769,0.792,1,"


7",1.619,1.619,1.653,1,"


5",1.195,1.195,1.219,1,"


7",2.166,2.166,2.188,1,"


7",0.946,0.946,0.981,1,"


4",1.495,1.495,1.4,1,"


2",2.314,2.314,2.336,1,"


3",0.72,0.72,0.739,1,"


7",0.323,0.323,0.34,1,"


3",11.556,11.556,11.586,1,"A native English speaker
1",0.195,0.195,0.24,1,"


2",0.948,0.948,0.975,1,"


2",0.6,0.6,0.734,1,"


2",0.176,0.176,0.101,1,"


3",0.992,0.992,0.906,1,"


2",0.412,0.412,0.443,1,"


2",0.621,0.621,0.652,1,"A native English speaker
1",0.908,0.908,0.943,1,"


7",1.073,1.073,1.094,1,"


2",0.462,0.462,0.488,1,"


6",0.574,0.574,0.501,1,"


2",0.442,0.442,0.464,1,"


5",0.974,0.974,0.997,1,"


4",0.81,0.81,0.833,1,"


7",1.129,1.129,1.164,1,"


3",4.145,4.145,4.163,1,"


7",1.496,1.496,1.526,1,"


2",1.665,1.665,1.697,1,"


3",0.426,0.426,0.444,1,"


7",0.511,0.511,0.553,1,"A native English speaker
1",0.938,0.938,0.961,1,"


2",0.94,0.94,0.957,1,"A native English speaker
1",0.265,0.265,0.304,1,"


3",1.682,1.682,1.602,1,"


2",0.705,0.705,0.728,1,"


3",0.314,0.314,0.332,1,"A native English speaker
1",0.357,0.357,0.382,1,"


2",0.335,0.335,0.364,1,"


6",0.941,0.941,0.97,1,"


6",3.151,3.151,3.169,1,"A native English speaker
1",0.213,0.213,0.244,1,"A native English speaker
1",0.059,0.059,0.079,1,"


7",1.861,1.861,1.879,1,"


2",0.919,0.919,0.938,1,"A native English speaker
1",0.253,0.253,0.283,1,"


2",4.66,4.66,4.678,1,7348964
V2,"An extremely strong
foreign accent
9",0.139,0.139,0.161,1,"An extremely strong
foreign accent
9",0.346,0.346,0.367,1,"An extremely strong
foreign accent
9",0.163,0.163,0.184,1,"


6",1.504,2.048,2.065,2,"An extremely strong
foreign accent
9",0.196,0.196,0.217,1,"


6",0.944,0.944,0.969,1,"


7",0.231,0.231,0.251,1,"


5",0.242,0.242,0.261,1,"An extremely strong
foreign accent
9",1.428,1.428,1.448,1,"An extremely strong
foreign accent
9",0.609,0.609,0.629,1,"An extremely strong
foreign accent
9",0.493,0.493,0.4,1,"


6",1.239,1.239,1.256,1,"An extremely strong
foreign accent
9",0.191,0.191,0.102,1,"An extremely strong
foreign accent
9",0.146,0.146,0.171,1,"An extremely strong
foreign accent
9",0.191,0.191,0.101,1,"An extremely strong
foreign accent
9",0.3,0.3,0.422,1,"


6",1.417,1.417,1.435,1,"


7",3.219,3.219,3.237,1,"An extremely strong
foreign accent
9",0.235,0.235,0.257,1,"An extremely strong
foreign accent
9",0.277,0.277,0.201,1,"


6",0.582,0.582,0.501,1,"


4",2.424,2.424,2.447,1,"


6",0.573,0.573,0.594,1,"


3",0.283,0.283,0.201,1,"


5",0.361,0.361,0.385,1,"


6",1.344,1.344,1.366,1,"


3",0.87,0.87,0.888,1,"


3",0.499,0.499,0.518,1,"


5",0.804,0.804,0.826,1,"


6",1.558,1.558,1.58,1,"A native English speaker
1",0.514,0.514,0.533,1,"A native English speaker
1",0.57,0.57,0.591,1,"


5",0.53,0.53,0.549,1,"


5",0.863,0.863,0.881,1,"


5",0.409,0.409,0.426,1,"


2",2.003,2.003,2.022,1,"A native English speaker
1",0.575,0.575,0.594,1,"A native English speaker
1",0.284,0.284,0.201,1,"


6",1.28,1.28,1.201,1,"


6",0.228,0.228,0.25,1,"A native English speaker
1",0.358,0.358,0.379,1,"A native English speaker
1",0.514,0.514,0.533,1,"A native English speaker
1",0.529,0.529,0.547,1,"A native English speaker
1",0.517,0.517,0.538,1,"


4",0.918,0.918,0.939,1,"A native English speaker
1",0.444,0.444,0.462,1,"A native English speaker
1",0.539,0.539,0.556,1,"A native English speaker
1",0.202,0.202,0.235,1,"A native English speaker
1",0.351,0.351,0.374,1,"A native English speaker
1",0.637,0.637,0.657,1,"A native English speaker
1",0.547,0.547,0.568,1,"A native English speaker
1",0.716,0.716,0.733,1,"A native English speaker
1",0.271,0.703,0.726,2,"A native English speaker
1",0.3,0.3,0.323,1,"A native English speaker
1",0.683,0.683,0.601,1,"A native English speaker
1",0.288,0.288,0.202,1,"A native English speaker
1",0.444,0.444,0.468,1,"


3",0.967,1.431,1.452,2,"


4",0.404,0.404,0.427,1,"


3",0.661,0.661,0.687,1,2174606
V2,"An extremely strong
foreign accent
9",0.696,0.696,0.798,1,"An extremely strong
foreign accent
9",0.151,0.151,0.101,1,"An extremely strong
foreign accent
9",0.009,0.009,0.096,1,"An extremely strong
foreign accent
9",0.324,0.324,0.3,1,"An extremely strong
foreign accent
9",0.737,0.737,0.792,1,"An extremely strong
foreign accent
9",0.038,0.038,0,1,"


8",4.801,5.496,5.592,2,"An extremely strong
foreign accent
9",3.312,3.312,3.371,1,"An extremely strong
foreign accent
9",0.107,0.107,0.173,1,"An extremely strong
foreign accent
9",1.675,1.675,1.602,1,"An extremely strong
foreign accent
9",0.114,0.114,0.159,1,"


8",0.521,0.521,0.571,1,"


4",2.34,2.34,2.383,1,"An extremely strong
foreign accent
9",0.343,0.343,0.309,1,"An extremely strong
foreign accent
9",0.11,0.11,0.158,1,"An extremely strong
foreign accent
9",0.494,0.494,0.544,1,"An extremely strong
foreign accent
9",0.137,0.137,0.187,1,"An extremely strong
foreign accent
9",2.724,2.724,2.787,1,"An extremely strong
foreign accent
9",0.197,0.197,0.331,1,"An extremely strong
foreign accent
9",0.736,0.736,0.795,1,"An extremely strong
foreign accent
9",0.068,0.068,0,1,"A native English speaker
1",0.309,0.309,0.611,1,"A native English speaker
1",0.098,0.098,0.164,1,"


2",0.169,0.169,0.125,1,"An extremely strong
foreign accent
9",0.004,0.004,0.067,1,"An extremely strong
foreign accent
9",0.244,0.479,0.401,2,"A native English speaker
1",0.151,0.151,0.1,1,"


6",0.471,0.471,0.4,1,"An extremely strong
foreign accent
9",0.168,0.168,0.108,1,"


7",0.322,0.322,0.384,1,"A native English speaker
1",0.285,0.285,0.246,1,"


7",1.658,1.658,1.641,1,"


6",0.154,0.154,0.1,1,"An extremely strong
foreign accent
9",0.005,0.005,0,1,"


3",0.186,0.186,0.139,1,"


2",0.143,0.573,0.501,2,"A native English speaker
1",0.009,0.009,0,1,"


2",3.145,3.728,3.689,2,"


4",2.112,2.112,2.16,1,"An extremely strong
foreign accent
9",0.262,0.262,0.2,1,"A native English speaker
1",0.101,0.101,0.287,1,"A native English speaker
1",0.085,0.085,0,1,"A native English speaker
1",0.111,0.111,0.157,1,"A native English speaker
1",1.304,1.304,1.391,1,"A native English speaker
1",0.066,0.066,0,1,"A native English speaker
1",1.229,1.229,1.825,1,"A native English speaker
1",0.249,0.249,0.203,1,"A native English speaker
1",0.6,0.6,0.76,1,"A native English speaker
1",0,0,0.37,1,"A native English speaker
1",0.066,0.066,0,1,"A native English speaker
1",0.971,0.971,0.925,1,"


2",1.556,1.556,1.501,1,"A native English speaker
1",0.046,0.046,0.093,1,"A native English speaker
1",1.252,1.252,1.22,1,"A native English speaker
1",0.052,0.052,0,1,"A native English speaker
1",0.007,0.007,0.093,1,"


3",31.621,31.621,31.697,1,"A native English speaker
1",1.101,1.101,1.272,1,"A native English speaker
1",0.179,0.179,0.101,1,"A native English speaker
1",0.052,0.052,0,1,1316157
V2,"An extremely strong
foreign accent
9",0.104,0.104,0.144,1,"


8",0.31,0.31,0.349,1,"An extremely strong
foreign accent
9",0.3,0.3,0.46,1,"An extremely strong
foreign accent
9",0.306,0.306,0.326,1,"


8",10.178,10.178,10.201,1,"


7",0.826,1.186,1.102,2,"An extremely strong
foreign accent
9",0.049,0.049,0.07,1,"An extremely strong
foreign accent
9",0.075,0.075,0,1,"An extremely strong
foreign accent
9",0.334,0.334,0.359,1,"


7",2.098,2.098,2.122,1,"


8",0.053,0.462,0.401,2,"An extremely strong
foreign accent
9",0.055,0.055,0.095,1,"


7",0.19,0.19,0.1,1,"


8",0.823,0.823,0.87,1,"An extremely strong
foreign accent
9",0.081,0.081,0,1,"


8",1.183,1.183,1.102,1,"An extremely strong
foreign accent
9",0.272,0.272,0.202,1,"An extremely strong
foreign accent
9",0.092,0.092,0,1,"An extremely strong
foreign accent
9",0.971,0.971,0.999,1,"An extremely strong
foreign accent
9",0.417,0.417,0.451,1,"


8",1.469,1.469,1.499,1,"An extremely strong
foreign accent
9",4.49,4.49,4.532,1,"An extremely strong
foreign accent
9",0.398,0.765,0.707,2,"An extremely strong
foreign accent
9",0.76,0.76,0.796,1,"An extremely strong
foreign accent
9",0.155,0.155,0.202,1,"


8",0.043,0.043,0.069,1,"An extremely strong
foreign accent
9",0.185,0.185,0.108,1,"


7",0.178,0.178,0.101,1,"


8",0.292,0.292,0.21,1,"An extremely strong
foreign accent
9",0.167,0.167,0.101,1,"


8",0.903,0.903,0.928,1,"A native English speaker
1",0.376,0.376,0.398,1,"An extremely strong
foreign accent
9",0.079,0.079,0,1,"An extremely strong
foreign accent
9",0.007,0.007,0.044,1,"An extremely strong
foreign accent
9",0.148,0.148,0.101,1,"


8",0.241,0.241,0.278,1,"A native English speaker
1",15.828,15.828,15.866,1,"A native English speaker
1",2.715,2.715,2.76,1,"


8",0.126,0.126,0.175,1,"An extremely strong
foreign accent
9",0.14,0.14,0.162,1,"A native English speaker
1",0.18,0.18,0.206,1,"A native English speaker
1",0.026,0.026,0.047,1,"


2",1.566,1.566,1.5,1,"A native English speaker
1",0.046,0.046,0.064,1,"A native English speaker
1",0.177,0.177,0.101,1,"A native English speaker
1",0.002,0.002,0.029,1,"A native English speaker
1",0.004,0.004,0.036,1,"A native English speaker
1",0.14,0.14,0.184,1,"A native English speaker
1",0.069,0.069,0,1,"A native English speaker
1",0.037,0.037,0.054,1,"A native English speaker
1",0.003,0.003,0.028,1,"A native English speaker
1",0.059,0.059,0,1,"A native English speaker
1",0.503,0.503,0.522,1,"A native English speaker
1",0.106,0.106,0.251,1,"A native English speaker
1",0.263,0.263,0.299,1,"


2",1.431,1.431,1.453,1,"A native English speaker
1",0.002,0.002,0.032,1,"


7",2.019,2.019,2.06,1,"A native English speaker
1",4.431,4.431,4.451,1,"A native English speaker
1",3.7,3.7,3.736,1,2620688
V2,"


8",0.331,0.331,0.338,1,"An extremely strong
foreign accent
9",0.36,0.36,0.369,1,"


8",0.514,0.514,0.522,1,"


8",0.911,0.911,0.918,1,"


7",0.297,0.297,0.203,1,"


6",0.464,0.464,0.471,1,"


8",0.969,1.168,1.174,2,"


8",0.526,0.526,0.533,1,"An extremely strong
foreign accent
9",0.413,0.413,0.419,1,"


8",0.302,0.302,0.31,1,"


7",0.382,0.382,0.39,1,"


8",0.604,0.604,0.611,1,"


7",0.435,0.435,0.443,1,"


8",0.659,0.659,0.666,1,"


7",0.786,0.786,0.794,1,"An extremely strong
foreign accent
9",0.388,0.388,0.395,1,"


7",0.516,0.516,0.522,1,"An extremely strong
foreign accent
9",0.359,0.359,0.367,1,"


8",0.675,0.675,0.683,1,"An extremely strong
foreign accent
9",0.617,0.617,0.624,1,"


8",5.528,5.528,5.535,1,"


7",0.677,1.007,1.015,2,"


6",0.914,0.914,0.921,1,"


6",1.935,1.935,1.941,1,"


7",0.276,0.276,0.284,1,"


6",0.362,0.362,0.37,1,"


2",0.379,0.379,0.387,1,"


5",0.396,0.396,0.301,1,"


6",0.338,0.338,0.345,1,"


6",0.479,0.479,0.487,1,"


2",0.463,0.463,0.472,1,"


5",0.225,0.225,0.235,1,"


5",0.368,0.368,0.375,1,"


5",0.681,0.681,0.688,1,"


6",0.277,0.277,0.286,1,"


2",1.657,1.657,1.664,1,"


3",0.269,0.269,0.276,1,"


3",0.344,0.344,0.352,1,"


4",0.305,0.305,0.312,1,"


5",0.479,0.479,0.488,1,"A native English speaker
1",0.087,0.087,0.094,1,"


3",0.488,0.488,0.495,1,"


2",0.356,0.356,0.364,1,"A native English speaker
1",0.038,0.038,0.045,1,"A native English speaker
1",0.026,0.026,0.033,1,"A native English speaker
1",0.153,0.153,0.16,1,"A native English speaker
1",0.033,0.033,0.041,1,"


2",0.532,0.532,0.539,1,"


7",0.392,0.392,0.4,1,"A native English speaker
1",0.233,0.233,0.239,1,"


2",0.44,0.44,0.448,1,"


2",0.216,0.216,0.223,1,"A native English speaker
1",0.056,0.056,0.064,1,"


2",0.1,0.1,0.208,1,"


2",0.279,0.279,0.286,1,"A native English speaker
1",0.124,0.124,0.132,1,"


2",0.223,0.223,0.23,1,"A native English speaker
1",0.049,0.049,0.056,1,"


2",0.683,0.683,0.69,1,"A native English speaker
1",0.093,0.093,0.1,1,5721779
V2,"


6",1.738,1.738,1.747,1,"


5",1.52,1.52,1.541,1,"


7",3.05,3.958,3.968,2,"


6",1.123,1.123,1.133,1,"


7",1.197,1.197,1.101,1,"


5",1.811,1.811,1.821,1,"


5",1.235,1.235,1.244,1,"


5",1.688,1.688,1.698,1,"


7",2.812,2.812,2.822,1,"


7",1.088,1.088,1.099,1,"


6",1.918,1.918,1.928,1,"


6",1.297,1.297,1.202,1,"


6",1.055,1.055,1.068,1,"


8",1.577,1.577,1.587,1,"An extremely strong
foreign accent
9",1.355,1.355,1.366,1,"


8",1.547,1.547,1.557,1,"


8",5.694,5.694,5.602,1,"


8",2.467,2.467,2.479,1,"


7",2.386,2.386,2.396,1,"


8",1.447,1.447,1.456,1,"


4",1.255,1.255,1.264,1,"


7",3.782,3.782,3.792,1,"


4",1.017,1.017,1.027,1,"


6",1.257,1.257,1.267,1,"


5",1.203,1.203,1.213,1,"


6",2.134,2.134,2.145,1,"


4",1.235,1.235,1.244,1,"


6",2.694,2.694,2.602,1,"


2",3.211,3.211,3.22,1,"


4",0.899,0.899,0.909,1,"A native English speaker
1",1.807,1.807,1.817,1,"


6",2.475,2.475,2.484,1,"


5",2.315,2.315,2.324,1,"


4",1.112,1.112,1.122,1,"


5",2.549,2.549,2.561,1,"


3",0.888,0.888,0.899,1,"


2",1.286,1.286,1.294,1,"


4",1.199,1.199,1.21,1,"


4",1.397,1.397,1.407,1,"


3",1.253,1.253,1.268,1,"A native English speaker
1",0.698,0.698,0.708,1,"A native English speaker
1",1.506,1.506,1.515,1,"A native English speaker
1",0.667,0.667,0.676,1,"A native English speaker
1",0.561,0.561,0.571,1,"A native English speaker
1",0.962,0.962,0.972,1,"A native English speaker
1",2.566,2.566,2.577,1,"A native English speaker
1",0.776,0.776,0.787,1,"A native English speaker
1",0.805,0.805,0.815,1,"A native English speaker
1",1.948,1.948,1.958,1,"


2",0.75,0.75,0.76,1,"A native English speaker
1",2.975,2.975,2.986,1,"


2",0.676,0.676,0.686,1,"


2",0.935,0.935,0.945,1,"A native English speaker
1",0.629,0.629,0.638,1,"


5",4.28,4.28,4.29,1,"


2",1.201,1.201,1.214,1,"


2",0.786,0.786,0.795,1,"A native English speaker
1",0.557,0.557,0.567,1,"


2",0.964,0.964,0.974,1,"A native English speaker
1",1.674,1.674,1.686,1,9827116
V2,"


8",0.286,0.286,0.3,1,"


7",1.454,1.454,1.472,1,"


7",0.432,0.432,0.452,1,"


8",0.233,0.233,0.246,1,"


7",1.672,1.672,1.69,1,"


7",2.86,2.86,2.877,1,"


8",0.216,0.216,0.233,1,"


7",2.29,2.29,2.201,1,"


7",2.024,2.024,2.042,1,"


7",0.986,0.986,0.901,1,"


7",0.196,0.196,0.101,1,"


8",2.331,2.331,2.347,1,"


8",0.933,0.933,0.951,1,"


8",2.621,2.621,2.637,1,"


8",0.223,0.223,0.243,1,"


7",0.588,0.588,0.501,1,"


6",1.001,1.001,1.019,1,"


7",0.958,0.958,0.972,1,"


8",0.605,0.605,0.625,1,"


8",0.16,0.16,0.178,1,"


6",0.486,0.486,0.401,1,"


6",1.598,1.598,1.613,1,"


5",0.223,0.223,0.241,1,"


6",0.654,0.654,0.669,1,"


6",0.857,0.857,0.874,1,"


6",0.872,0.872,0.886,1,"


2",0.341,0.341,0.357,1,"


7",1.684,1.684,1.6,1,"


5",0.259,0.259,0.275,1,"


4",0.566,0.566,0.586,1,"


4",0.477,0.477,0.492,1,"


3",0.471,0.471,0.489,1,"


6",0.821,0.821,0.844,1,"


3",0.267,0.267,0.286,1,"


3",1.955,1.955,1.972,1,"A native English speaker
1",0.249,0.249,0.27,1,"


2",37.622,37.622,37.641,1,"


2",0.195,0.195,0.1,1,"


7",0.378,0.378,0.393,1,"


5",0.695,0.695,0.602,1,"A native English speaker
1",0.134,0.134,0.148,1,"A native English speaker
1",0.012,0.012,0.027,1,"A native English speaker
1",0.04,0.842,0.857,2,"A native English speaker
1",0.29,0.29,0.202,1,"A native English speaker
1",0.061,0.061,0.076,1,"A native English speaker
1",0.809,0.809,0.827,1,"A native English speaker
1",0.098,0.098,0.114,1,"A native English speaker
1",0.001,0.001,0.018,1,"A native English speaker
1",0.052,0.052,0.071,1,"A native English speaker
1",0.289,0.289,0.201,1,"A native English speaker
1",0.151,0.151,0.166,1,"A native English speaker
1",0.084,0.084,0.1,1,"A native English speaker
1",0.077,0.077,0.097,1,"A native English speaker
1",0.67,0.67,0.686,1,"A native English speaker
1",0.239,0.239,0.258,1,"A native English speaker
1",0.064,0.064,0.08,1,"A native English speaker
1",0.05,0.05,0.067,1,"A native English speaker
1",0.044,0.044,0.059,1,"A native English speaker
1",1.763,1.763,1.777,1,"A native English speaker
1",0.128,0.128,0.145,1,9896160
V2,"


6",1.141,1.141,1.152,1,"


7",1.136,1.136,1.149,1,"An extremely strong
foreign accent
9",0.274,0.274,0.288,1,"


6",1.838,1.838,1.852,1,"


8",1.023,1.023,1.036,1,"


5",0.721,0.721,0.734,1,"


8",1.043,1.043,1.058,1,"An extremely strong
foreign accent
9",0.613,0.613,0.626,1,"


7",1.102,1.102,1.114,1,"


8",0.892,0.892,0.802,1,"An extremely strong
foreign accent
9",0.396,0.396,0.3,1,"


7",0.408,0.408,0.417,1,"


7",1.394,1.394,1.301,1,"


8",0.359,0.359,0.374,1,"An extremely strong
foreign accent
9",3.437,3.437,3.448,1,"


8",1.1,1.1,1.215,1,"


8",1.423,1.423,1.431,1,"


8",1.066,1.066,1.073,1,"An extremely strong
foreign accent
9",0.335,0.335,0.344,1,"An extremely strong
foreign accent
9",0.502,0.502,0.515,1,"


5",1.071,1.071,1.085,1,"


8",0.605,0.605,0.617,1,"


4",1.015,1.015,1.024,1,"


6",0.924,0.924,0.938,1,"


6",0.778,0.778,0.792,1,"


8",2.105,2.105,2.12,1,"A native English speaker
1",1.095,1.095,1.001,1,"


3",1.029,1.029,1.042,1,"


5",0.672,0.672,0.684,1,"


7",1.033,1.033,1.046,1,"


2",1.812,1.812,1.825,1,"


6",0.653,0.653,0.665,1,"


4",1.117,1.117,1.124,1,"


6",1.128,1.128,1.144,1,"


3",1.021,1.021,1.035,1,"A native English speaker
1",1.7,1.7,1.713,1,"


6",1.957,1.957,1.964,1,"A native English speaker
1",0.854,0.854,0.868,1,"


3",1.872,1.872,1.881,1,"


4",1.712,1.712,1.725,1,"A native English speaker
1",0.307,0.307,0.32,1,"A native English speaker
1",0.402,0.402,0.412,1,"A native English speaker
1",0.474,0.474,0.487,1,"A native English speaker
1",0.359,0.359,0.373,1,"A native English speaker
1",0.715,0.715,0.728,1,"A native English speaker
1",0.587,0.587,0.598,1,"A native English speaker
1",0.431,0.431,0.441,1,"A native English speaker
1",0.391,0.391,0.302,1,"A native English speaker
1",0.396,0.396,0.301,1,"A native English speaker
1",0.391,0.391,0.301,1,"A native English speaker
1",1.166,1.166,1.179,1,"A native English speaker
1",0.347,0.347,0.355,1,"A native English speaker
1",0.477,0.477,0.491,1,"A native English speaker
1",0.422,0.422,0.432,1,"A native English speaker
1",0.373,0.373,0.383,1,"


2",0.778,0.778,0.786,1,"A native English speaker
1",0.553,0.553,0.564,1,"A native English speaker
1",0.78,0.78,0.789,1,"A native English speaker
1",0.417,0.417,0.43,1,"A native English speaker
1",0.861,0.861,0.873,1,9087447
V3,"


8",0.289,0.289,0.201,1,"


7",0.9,1.459,1.474,2,"


7",0.702,0.702,0.717,1,"


7",0.551,0.551,0.57,1,"An extremely strong
foreign accent
9",0.339,0.339,0.356,1,"An extremely strong
foreign accent
9",0.569,0.569,0.584,1,"


5",0.57,0.57,0.583,1,"


6",0.602,0.602,0.618,1,"


6",0.342,0.342,0.36,1,"


8",0.999,0.999,1.015,1,"


7",0.485,0.485,0.5,1,"


8",0.651,0.651,0.667,1,"


8",0.386,0.386,0.301,1,"


7",1.244,1.244,1.26,1,"An extremely strong
foreign accent
9",0.997,0.997,0.9,1,"


6",0.584,0.584,0.598,1,"


7",1.342,1.342,1.356,1,"


7",0.319,0.319,0.334,1,"


7",0.999,0.999,1.014,1,"


7",0.451,0.451,0.468,1,"


5",0.483,0.483,0.498,1,"


7",1.569,1.569,1.586,1,"


4",0.571,0.571,0.586,1,"


6",0.558,0.558,0.573,1,"


7",0.878,0.878,0.894,1,"


4",1.052,1.052,1.065,1,"


4",0.654,0.654,0.668,1,"


5",0.739,0.739,0.751,1,"


5",0.532,0.532,0.548,1,"


5",1.592,1.592,1.5,1,"


5",0.794,0.794,0.701,1,"


6",0.38,0.38,0.395,1,"


5",0.44,0.44,0.456,1,"


7",0.657,0.657,0.672,1,"


5",0.782,0.782,0.796,1,"


6",0.537,0.537,0.553,1,"


7",3.964,3.964,3.977,1,"


7",0.39,0.39,0.302,1,"


6",0.591,0.591,0.5,1,"


5",0.802,0.802,0.819,1,"A native English speaker
1",0.202,0.202,0.217,1,"A native English speaker
1",0.315,0.315,0.331,1,"A native English speaker
1",0.279,0.279,0.293,1,"A native English speaker
1",0.304,0.304,0.32,1,"A native English speaker
1",0.489,0.489,0.4,1,"A native English speaker
1",0.346,0.346,0.361,1,"A native English speaker
1",0.21,0.803,0.818,2,"A native English speaker
1",0.429,0.429,0.446,1,"A native English speaker
1",0.907,0.907,0.923,1,"A native English speaker
1",1.972,1.972,1.99,1,"A native English speaker
1",0.648,0.648,0.664,1,"


2",1.291,1.291,1.201,1,"


2",0.564,0.564,0.578,1,"


2",0.336,1.016,1.032,2,"


3",0.372,0.372,0.387,1,"


3",0.451,0.451,0.466,1,"A native English speaker
1",0.428,0.428,0.443,1,"


2",0.362,0.362,0.377,1,"A native English speaker
1",0.116,0.116,0.131,1,"


2",0.774,0.774,0.789,1,4341292
V3,"


7",0.367,0.367,0.373,1,"


6",0.367,0.367,0.374,1,"


7",0.482,0.482,0.491,1,"


8",0.482,0.482,0.491,1,"


8",1.005,1.005,1.012,1,"


8",0.275,0.275,0.282,1,"


7",0.422,0.422,0.428,1,"


8",0.413,0.413,0.42,1,"


7",0.451,0.451,0.457,1,"


8",0.391,0.391,0.399,1,"


6",0.511,0.511,0.629,1,"


7",0.676,0.676,0.682,1,"


6",0.959,0.959,0.967,1,"


7",0.134,0.134,0.141,1,"


8",0.391,0.391,0.399,1,"


6",0.337,0.337,0.344,1,"


7",0.315,0.315,0.321,1,"


7",0.952,0.952,0.96,1,"


6",0.469,0.469,0.475,1,"


7",0.439,0.439,0.448,1,"


4",0.433,0.433,0.439,1,"


6",0.412,0.412,0.419,1,"


4",0.23,0.23,0.237,1,"


5",0.888,0.888,0.894,1,"


5",0.499,0.499,0.505,1,"


4",0.26,0.26,0.267,1,"


6",1.317,1.317,1.324,1,"


4",0.432,0.432,0.438,1,"


4",0.445,0.445,0.454,1,"


4",0.421,0.421,0.428,1,"


7",0.396,0.396,0.3,1,"


6",0.425,0.425,0.431,1,"


6",0.521,0.521,0.527,1,"


6",0.902,0.902,0.909,1,"


6",0.29,0.29,0.298,1,"


7",0.315,0.315,0.322,1,"


7",0.449,0.449,0.461,1,"


7",0.28,0.28,0.287,1,"


6",0.571,0.571,0.58,1,"


7",0.445,0.445,0.452,1,"A native English speaker
1",0.123,0.793,0.801,2,"A native English speaker
1",0.146,0.146,0.153,1,"A native English speaker
1",0.235,0.235,0.243,1,"A native English speaker
1",0.09,0.09,0.097,1,"A native English speaker
1",0.131,0.131,0.138,1,"A native English speaker
1",0.292,0.292,0.299,1,"A native English speaker
1",0.112,0.112,0.119,1,"A native English speaker
1",0.106,0.106,0.114,1,"A native English speaker
1",0.164,0.164,0.171,1,"A native English speaker
1",0.445,0.445,0.452,1,"A native English speaker
1",0.141,0.141,0.147,1,"A native English speaker
1",0.131,0.131,0.138,1,"A native English speaker
1",0.131,0.131,0.138,1,"A native English speaker
1",0.168,0.168,0.176,1,"A native English speaker
1",0.121,0.121,0.128,1,"A native English speaker
1",0.124,0.124,0.131,1,"A native English speaker
1",0.229,0.229,0.236,1,"A native English speaker
1",0.402,0.402,0.409,1,"A native English speaker
1",0.233,0.233,0.24,1,"A native English speaker
1",0.157,0.157,0.164,1,6546609
V3,"An extremely strong
foreign accent
9",0.192,0.192,0.101,1,"An extremely strong
foreign accent
9",0.144,0.144,0.153,1,"


8",0.102,0.102,0.11,1,"An extremely strong
foreign accent
9",0.136,0.136,0.146,1,"An extremely strong
foreign accent
9",0.093,0.093,0,1,"An extremely strong
foreign accent
9",0.169,0.169,0.178,1,"An extremely strong
foreign accent
9",0.448,0.448,0.459,1,"An extremely strong
foreign accent
9",0.023,0.023,0.034,1,"An extremely strong
foreign accent
9",0.126,0.126,0.135,1,"


8",0.079,0.079,0.089,1,"An extremely strong
foreign accent
9",0.029,0.029,0.038,1,"


8",0.167,0.167,0.176,1,"An extremely strong
foreign accent
9",0.014,0.014,0.024,1,"An extremely strong
foreign accent
9",0.413,0.413,0.422,1,"An extremely strong
foreign accent
9",0.366,0.366,0.375,1,"An extremely strong
foreign accent
9",0.056,0.056,0.066,1,"An extremely strong
foreign accent
9",0.008,0.008,0.019,1,"An extremely strong
foreign accent
9",0.04,0.04,0.051,1,"An extremely strong
foreign accent
9",0.073,0.073,0.083,1,"An extremely strong
foreign accent
9",0.96,0.96,0.97,1,"


8",0.144,0.144,0.152,1,"


6",0.366,0.366,0.376,1,"


7",0.719,0.719,0.728,1,"


7",0.702,0.702,0.711,1,"


6",2.746,2.746,2.757,1,"


6",0.143,0.143,0.151,1,"


3",1.756,1.756,1.765,1,"


6",0.501,0.501,0.51,1,"


6",0.342,0.342,0.352,1,"


6",0.515,0.515,0.525,1,"


8",8.223,8.223,8.232,1,"


8",0.587,0.587,0.597,1,"


8",0.152,0.152,0.162,1,"An extremely strong
foreign accent
9",0.495,0.495,0.504,1,"


7",1.133,1.133,1.143,1,"


7",0.816,0.816,0.826,1,"An extremely strong
foreign accent
9",0.001,0.001,0.012,1,"An extremely strong
foreign accent
9",0.358,0.358,0.368,1,"


8",0.115,0.115,0.124,1,"An extremely strong
foreign accent
9",0.11,0.11,0.118,1,"A native English speaker
1",0.24,0.24,0.249,1,"A native English speaker
1",0.437,0.437,0.447,1,"A native English speaker
1",0.107,0.107,0.116,1,"A native English speaker
1",0.275,0.275,0.286,1,"A native English speaker
1",0.19,0.19,0.2,1,"A native English speaker
1",0.272,0.272,0.282,1,"A native English speaker
1",0.096,0.096,0,1,"A native English speaker
1",0.218,0.218,0.228,1,"A native English speaker
1",0.261,0.261,0.269,1,"A native English speaker
1",0.144,0.144,0.155,1,"


2",0.24,0.24,0.25,1,"


2",0.377,0.377,0.387,1,"A native English speaker
1",0.073,0.073,0.081,1,"


2",0.389,0.389,0.399,1,"


2",0.324,0.324,0.334,1,"A native English speaker
1",0.31,0.31,0.318,1,"A native English speaker
1",0.028,0.028,0.036,1,"


4",0.817,0.817,0.826,1,"A native English speaker
1",0.015,0.015,0.025,1,"A native English speaker
1",0.89,0.89,0.899,1,9335883
V3,"


6",0.389,0.389,0.397,1,"


7",0.191,0.191,0.197,1,"


6",1.5,1.5,1.508,1,"An extremely strong
foreign accent
9",0.615,0.615,0.622,1,"An extremely strong
foreign accent
9",0.286,0.286,0.292,1,"An extremely strong
foreign accent
9",0.186,0.186,0.192,1,"


8",0.265,0.265,0.273,1,"


8",0.153,0.153,0.16,1,"An extremely strong
foreign accent
9",0.135,0.135,0.143,1,"


8",0.413,0.413,0.42,1,"


6",0.446,0.446,0.455,1,"


7",0.962,0.962,0.968,1,"An extremely strong
foreign accent
9",0.152,0.152,0.158,1,"


8",0.713,0.713,0.72,1,"An extremely strong
foreign accent
9",0.226,0.226,0.233,1,"


7",0.233,0.233,0.239,1,"


8",0.525,0.525,0.534,1,"


6",0.271,0.271,0.278,1,"


7",2.644,2.644,2.65,1,"An extremely strong
foreign accent
9",0.012,0.012,0.018,1,"A native English speaker
1",3.98,3.98,3.986,1,"


2",0.293,0.293,0.299,1,"


5",0.425,0.425,0.432,1,"A native English speaker
1",0.799,0.799,0.805,1,"


6",0.351,0.351,0.358,1,"


4",0.631,0.631,0.638,1,"


3",0.521,0.521,0.527,1,"


2",0.215,0.215,0.221,1,"A native English speaker
1",1.282,1.282,1.289,1,"


4",0.557,0.557,0.564,1,"


6",0.322,0.322,0.328,1,"


6",0.276,0.276,0.282,1,"A native English speaker
1",2.956,2.956,2.965,1,"


6",1.137,1.137,1.143,1,"


5",0.619,0.619,0.626,1,"


4",1.087,1.087,1.093,1,"


6",0.17,0.17,0.176,1,"


7",1.261,1.261,1.267,1,"


3",0.373,0.373,0.38,1,"


7",0.438,0.438,0.445,1,"A native English speaker
1",0.864,0.864,0.871,1,"


3",0.781,0.781,0.788,1,"A native English speaker
1",1.073,1.073,1.08,1,"A native English speaker
1",0.188,0.188,0.194,1,"A native English speaker
1",0.449,0.449,0.455,1,"A native English speaker
1",0.091,0.091,0.097,1,"A native English speaker
1",3.203,3.203,3.209,1,"A native English speaker
1",0.132,0.132,0.142,1,"A native English speaker
1",0.05,0.05,0.057,1,"A native English speaker
1",0.131,0.131,0.137,1,"A native English speaker
1",0.176,0.176,0.182,1,"


2",1.037,1.037,1.043,1,"A native English speaker
1",0.076,0.958,0.965,2,"A native English speaker
1",1.59,1.59,1.598,1,"A native English speaker
1",0.02,0.02,0.027,1,"A native English speaker
1",0.105,0.105,0.112,1,"A native English speaker
1",0.888,0.888,0.897,1,"A native English speaker
1",0.115,0.115,0.122,1,"A native English speaker
1",0.473,0.473,0.479,1,"A native English speaker
1",0.118,0.118,0.125,1,3906581
V3,"An extremely strong
foreign accent
9",0.178,0.178,0.195,1,"An extremely strong
foreign accent
9",0.478,0.478,0.494,1,"An extremely strong
foreign accent
9",0.284,0.284,0.201,1,"An extremely strong
foreign accent
9",0.068,0.068,0.084,1,"An extremely strong
foreign accent
9",0.298,0.298,0.318,1,"An extremely strong
foreign accent
9",0.263,0.263,0.291,1,"An extremely strong
foreign accent
9",0.248,0.248,0.268,1,"An extremely strong
foreign accent
9",0.149,0.149,0.167,1,"An extremely strong
foreign accent
9",0.202,0.202,0.236,1,"An extremely strong
foreign accent
9",0.296,0.296,0.201,1,"An extremely strong
foreign accent
9",0.519,0.519,0.534,1,"An extremely strong
foreign accent
9",1.034,1.034,1.052,1,"


7",5.672,5.672,5.689,1,"


8",1.648,1.648,1.665,1,"An extremely strong
foreign accent
9",0.193,0.193,0.1,1,"


7",0.852,0.852,0.869,1,"An extremely strong
foreign accent
9",0.203,0.203,0.219,1,"


7",0.787,0.787,0.7,1,"An extremely strong
foreign accent
9",2.433,2.433,2.454,1,"An extremely strong
foreign accent
9",0.334,0.334,0.351,1,"


4",1.637,1.637,1.657,1,"


6",2.146,2.146,2.161,1,"


3",0.585,0.585,0.6,1,"


6",0.898,0.898,0.916,1,"


3",0.729,0.729,0.75,1,"


2",3.198,3.198,3.216,1,"


3",0.8,0.8,0.922,1,"


6",0.509,0.509,0.524,1,"


6",1.326,1.326,1.346,1,"


4",1.182,1.182,1.198,1,"An extremely strong
foreign accent
9",1.212,1.212,1.234,1,"


7",0.694,0.694,0.602,1,"


5",1.641,1.641,1.66,1,"


7",0.547,0.547,0.563,1,"


6",0.726,0.726,0.742,1,"


8",2.033,2.033,2.052,1,"


7",0.714,0.714,0.729,1,"An extremely strong
foreign accent
9",0.168,0.168,0.186,1,"


6",1.337,1.337,1.357,1,"


8",2.692,2.692,2.601,1,"A native English speaker
1",0.35,0.35,0.369,1,"A native English speaker
1",0.316,0.316,0.334,1,"A native English speaker
1",0.35,0.35,0.366,1,"A native English speaker
1",0.19,0.19,0.206,1,"A native English speaker
1",0.262,0.262,0.281,1,"A native English speaker
1",0.207,0.207,0.233,1,"A native English speaker
1",0.266,0.266,0.287,1,"A native English speaker
1",0.34,0.34,0.361,1,"A native English speaker
1",0.293,0.293,0.2,1,"A native English speaker
1",0.155,0.155,0.172,1,"A native English speaker
1",0.67,0.67,0.7,1,"


2",1.181,1.181,1.2,1,"A native English speaker
1",0.28,0.28,0.295,1,"A native English speaker
1",0.22,0.22,0.235,1,"A native English speaker
1",0.218,0.218,0.235,1,"A native English speaker
1",0.167,0.167,0.183,1,"A native English speaker
1",0.175,0.175,0.197,1,"A native English speaker
1",0.134,0.134,0.159,1,"A native English speaker
1",0.173,0.173,0.191,1,"A native English speaker
1",0.421,0.421,0.444,1,5693137
V3,"An extremely strong
foreign accent
9",0.389,0.389,0.3,1,"


7",0.795,0.795,0.701,1,"An extremely strong
foreign accent
9",0.146,0.146,0.155,1,"An extremely strong
foreign accent
9",0.286,0.286,0.298,1,"An extremely strong
foreign accent
9",0.179,0.179,0.187,1,"


8",0.563,0.563,0.571,1,"An extremely strong
foreign accent
9",0.2,0.2,0.32,1,"


8",0.122,0.122,0.131,1,"An extremely strong
foreign accent
9",0.528,0.528,0.538,1,"An extremely strong
foreign accent
9",0.36,0.36,0.369,1,"An extremely strong
foreign accent
9",0.292,0.292,0.3,1,"


6",0.173,0.173,0.181,1,"


7",1.861,1.861,1.871,1,"


6",0.633,0.633,0.644,1,"


8",0.311,0.311,0.323,1,"


8",0.357,0.357,0.384,1,"


8",0.947,0.947,0.961,1,"


7",0.196,0.196,0.101,1,"


7",0.429,0.429,0.444,1,"An extremely strong
foreign accent
9",0.243,0.243,0.252,1,"


4",0.41,0.41,0.42,1,"


4",0.483,0.483,0.5,1,"


7",0.287,0.287,0.296,1,"


5",0.34,0.34,0.357,1,"


8",0.209,0.209,0.216,1,"


3",0.574,0.574,0.582,1,"A native English speaker
1",0.735,0.735,0.745,1,"


3",0.139,0.139,0.147,1,"


3",0.354,0.354,0.361,1,"


5",1.783,1.783,1.791,1,"


5",0.77,0.77,0.781,1,"An extremely strong
foreign accent
9",0.152,0.152,0.164,1,"


5",0.681,0.681,0.692,1,"


8",0.232,0.232,0.242,1,"


4",0.721,0.721,0.73,1,"


8",0.242,0.242,0.251,1,"


8",0.265,0.265,0.282,1,"


8",0.29,0.29,0.201,1,"


5",0.298,0.298,0.306,1,"An extremely strong
foreign accent
9",0.535,0.535,0.546,1,"A native English speaker
1",0.139,0.139,0.148,1,"A native English speaker
1",0.115,0.115,0.13,1,"A native English speaker
1",0.092,0.092,0,1,"A native English speaker
1",1.717,1.717,1.734,1,"A native English speaker
1",0.156,0.156,0.165,1,"A native English speaker
1",0.167,0.167,0.175,1,"A native English speaker
1",0.252,0.252,0.26,1,"A native English speaker
1",0,0,0.114,1,"A native English speaker
1",0.141,0.141,0.15,1,"A native English speaker
1",0.174,0.174,0.182,1,"A native English speaker
1",0.688,0.688,0.7,1,"


2",0.308,0.308,0.321,1,"A native English speaker
1",0.057,0.057,0.066,1,"A native English speaker
1",0.202,0.202,0.211,1,"A native English speaker
1",1.891,1.891,1.907,1,"A native English speaker
1",0.089,0.089,0.098,1,"A native English speaker
1",0.533,0.533,0.541,1,"A native English speaker
1",0.173,0.173,0.181,1,"A native English speaker
1",0.169,0.169,0.178,1,"A native English speaker
1",0.165,0.165,0.177,1,4068822
V3,"A native English speaker
1",0.315,0.315,0.3,1,"A native English speaker
1",0.201,0.201,0.385,1,"


8",0.907,0.907,0.999,1,"


8",0.335,0.335,0.32,1,"


8",0.601,0.601,0.827,1,"


7",0.54,0.54,0.501,1,"A native English speaker
1",0.312,0.312,0.301,1,"


5",2.343,2.343,2.301,1,"A native English speaker
1",6.632,6.632,6.6,1,"An extremely strong
foreign accent
9",1.123,1.123,1.1,1,"


4",1.986,1.986,2.095,1,"A native English speaker
1",0.808,0.808,0.834,1,"A native English speaker
1",0.106,0.106,0.578,1,"


5",0.831,0.831,0.801,1,"An extremely strong
foreign accent
9",0.44,0.44,0.4,1,"


5",0.749,0.749,0.7,1,"


8",1.514,1.514,1.502,1,"A native English speaker
1",0.201,0.201,0.463,1,"


7",1.288,1.288,1.233,1,"


6",4.518,4.518,4.502,1,"A native English speaker
1",0.056,0.056,0.351,1,"A native English speaker
1",0.231,0.231,0.203,1,"A native English speaker
1",0.467,0.467,0.4,1,"A native English speaker
1",0.927,0.927,0.903,1,"A native English speaker
1",1.563,1.563,1.503,1,"A native English speaker
1",0.098,0.098,0.21,1,"A native English speaker
1",0.188,0.188,0.265,1,"A native English speaker
1",0.253,0.253,0.2,1,"A native English speaker
1",0.539,0.539,0.501,1,"A native English speaker
1",15.69,15.69,15.813,1,"A native English speaker
1",0.671,1.071,1.246,2,"A native English speaker
1",8.178,8.178,8.308,1,"A native English speaker
1",0.102,0.102,0.337,1,"A native English speaker
1",0.457,0.457,0.402,1,"A native English speaker
1",0.085,0.085,0.254,1,"A native English speaker
1",0.771,0.771,1,1,"A native English speaker
1",0.49,0.49,0.578,1,"A native English speaker
1",1.577,1.577,1.501,1,"A native English speaker
1",0.192,0.192,0.361,1,"A native English speaker
1",0.051,0.051,0,1,"A native English speaker
1",0.423,0.423,0.542,1,"A native English speaker
1",0.258,0.258,0.201,1,"A native English speaker
1",1.765,1.765,1.701,1,"A native English speaker
1",0.456,0.456,0.556,1,"A native English speaker
1",8.82,8.82,8.801,1,"A native English speaker
1",0.21,0.855,0.802,2,"A native English speaker
1",0.01,0.01,0,1,"A native English speaker
1",0.918,0.918,0.903,1,"A native English speaker
1",0.182,0.182,0.284,1,"A native English speaker
1",1.049,1.049,1.003,1,"A native English speaker
1",0.102,0.102,0.834,1,"A native English speaker
1",0.336,0.336,0.302,1,"A native English speaker
1",2.709,2.709,2.702,1,"A native English speaker
1",0.781,0.781,0.709,1,"A native English speaker
1",1.012,1.012,1.001,1,"A native English speaker
1",37.531,37.531,37.502,1,"A native English speaker
1",0.217,0.217,0.201,1,"A native English speaker
1",0.408,0.408,0.684,1,"A native English speaker
1",0.552,0.552,0.502,1,"A native English speaker
1",37.112,37.112,37.101,1,6956532
V3,"An extremely strong
foreign accent
9",0.523,0.523,0.536,1,"


8",0.551,0.551,0.566,1,"An extremely strong
foreign accent
9",0.509,0.509,0.527,1,"An extremely strong
foreign accent
9",0.522,0.522,0.542,1,"An extremely strong
foreign accent
9",0.815,0.815,0.847,1,"An extremely strong
foreign accent
9",0.609,0.609,0.633,1,"An extremely strong
foreign accent
9",0.804,0.804,0.837,1,"An extremely strong
foreign accent
9",0.585,0.585,0.598,1,"An extremely strong
foreign accent
9",0.485,0.485,0.4,1,"An extremely strong
foreign accent
9",0.471,0.471,0.5,1,"


7",0.676,0.676,0.689,1,"


8",0.844,0.844,0.857,1,"


7",0.5,0.5,0.52,1,"


8",0.498,0.498,0.51,1,"An extremely strong
foreign accent
9",0.495,0.495,0.517,1,"


8",0.519,0.519,0.531,1,"An extremely strong
foreign accent
9",0.472,0.472,0.484,1,"An extremely strong
foreign accent
9",0.927,0.927,0.939,1,"An extremely strong
foreign accent
9",0.438,0.438,0.466,1,"


8",1.283,1.283,1.201,1,"


5",0.623,0.623,0.646,1,"


7",0.445,0.445,0.475,1,"


7",0.593,0.593,0.623,1,"


3",0.566,0.566,0.586,1,"


5",0.538,0.538,0.567,1,"


2",0.542,0.542,0.556,1,"


3",0.522,0.522,0.534,1,"


7",0.542,0.542,0.57,1,"


4",0.502,0.502,0.532,1,"


4",0.616,0.616,0.628,1,"


7",0.536,0.536,0.563,1,"


6",0.556,0.556,0.586,1,"


3",0.556,0.556,0.575,1,"


6",1.088,1.088,1.1,1,"


8",0.513,0.513,0.532,1,"


6",0.908,0.908,0.939,1,"


7",0.588,0.588,0.501,1,"


6",0.623,0.623,0.654,1,"


2",0.727,0.727,0.741,1,"


5",0.585,0.585,0.502,1,"A native English speaker
1",0.477,0.477,0.492,1,"A native English speaker
1",0.433,0.433,0.456,1,"A native English speaker
1",0.539,0.539,0.553,1,"A native English speaker
1",0.547,0.547,0.574,1,"A native English speaker
1",0.504,0.504,0.515,1,"A native English speaker
1",0.334,0.334,0.348,1,"A native English speaker
1",0.289,0.289,0.318,1,"A native English speaker
1",0.44,0.44,0.467,1,"A native English speaker
1",0.494,0.494,0.402,1,"A native English speaker
1",0.545,0.545,0.566,1,"A native English speaker
1",0.514,0.514,0.542,1,"A native English speaker
1",0.443,0.443,0.463,1,"A native English speaker
1",0.535,0.535,0.565,1,"A native English speaker
1",0.525,0.525,0.537,1,"A native English speaker
1",0.5,0.5,0.515,1,"


2",1.285,1.285,1.298,1,"A native English speaker
1",0.831,0.831,0.86,1,"A native English speaker
1",0.306,0.306,0.34,1,"A native English speaker
1",0.332,0.332,0.343,1,"A native English speaker
1",0.35,0.35,0.377,1,4534620
V3,"


7",0.563,0.563,0.57,1,"


8",0.87,0.87,0.879,1,"


7",0.851,0.851,0.86,1,"An extremely strong
foreign accent
9",0.371,0.371,0.378,1,"An extremely strong
foreign accent
9",0.513,0.513,0.521,1,"


8",0.651,0.651,0.659,1,"


8",0.598,0.598,0.605,1,"An extremely strong
foreign accent
9",0.495,0.495,0.404,1,"An extremely strong
foreign accent
9",0.404,0.404,0.412,1,"


4",3.6,3.6,3.61,1,"An extremely strong
foreign accent
9",0.289,0.289,0.297,1,"


8",0.499,0.499,0.506,1,"An extremely strong
foreign accent
9",0.929,0.929,0.934,1,"An extremely strong
foreign accent
9",0.628,0.628,0.636,1,"An extremely strong
foreign accent
9",0.319,0.319,0.326,1,"An extremely strong
foreign accent
9",0.557,0.557,0.568,1,"


8",0.564,0.564,0.572,1,"An extremely strong
foreign accent
9",0.494,0.494,0.402,1,"An extremely strong
foreign accent
9",0.497,0.497,0.402,1,"An extremely strong
foreign accent
9",0.522,0.522,0.53,1,"A native English speaker
1",0.522,0.522,0.53,1,"


7",0.661,0.661,0.671,1,"A native English speaker
1",0.452,0.452,0.462,1,"


2",0.654,0.654,0.662,1,"


2",0.464,0.464,0.473,1,"A native English speaker
1",0.481,0.481,0.488,1,"A native English speaker
1",0.794,0.794,0.702,1,"A native English speaker
1",0.522,0.522,0.529,1,"A native English speaker
1",0.458,0.458,0.471,1,"


7",0.998,0.998,1.007,1,"


6",1.196,1.196,1.102,1,"


8",0.758,0.758,0.766,1,"


8",0.661,0.661,0.668,1,"


7",0.946,1.49,1.497,2,"


7",0.663,0.663,0.673,1,"


7",0.98,0.98,0.988,1,"


7",0.742,0.742,0.749,1,"An extremely strong
foreign accent
9",0.434,0.434,0.443,1,"


5",1.662,1.662,1.67,1,"


7",0.723,0.723,0.732,1,"A native English speaker
1",0.574,0.574,0.582,1,"A native English speaker
1",0.615,0.615,0.622,1,"A native English speaker
1",0.457,0.457,0.465,1,"A native English speaker
1",0.502,0.502,0.512,1,"A native English speaker
1",0.794,0.794,0.7,1,"A native English speaker
1",0.449,0.449,0.457,1,"A native English speaker
1",0.406,0.406,0.414,1,"A native English speaker
1",0.63,0.63,0.637,1,"A native English speaker
1",0.657,0.657,0.664,1,"A native English speaker
1",0.298,0.298,0.305,1,"A native English speaker
1",0.482,0.482,0.489,1,"A native English speaker
1",0.657,0.657,0.666,1,"A native English speaker
1",1.097,1.097,1.106,1,"A native English speaker
1",0.37,0.37,0.378,1,"A native English speaker
1",0.607,0.607,0.614,1,"A native English speaker
1",0.814,0.814,0.822,1,"A native English speaker
1",0.634,0.634,0.644,1,"A native English speaker
1",0.52,0.52,0.527,1,"A native English speaker
1",0.556,0.556,0.565,1,"A native English speaker
1",0.554,0.554,0.562,1,8317194
V3,"


3",5.44,5.44,5.361,1,"A native English speaker
1",1.026,1.026,1.082,1,"A native English speaker
1",1.129,1.129,1.339,1,"


5",2.306,2.306,2.336,1,"


4",1.166,2.242,2.179,2,"


2",1.132,1.132,1.101,1,"


6",0.919,0.919,0.947,1,"


2",3.112,3.112,3.151,1,"


5",0.861,0.861,0.901,1,"A native English speaker
1",10.515,36.811,36.843,2,"


2",0.99,0.99,1.214,1,"A native English speaker
1",0.514,0.514,0.711,1,"


2",1.034,1.034,1.333,1,"


4",0.823,0.823,0.803,1,"


6",0.702,0.702,0.739,1,"


4",0.515,0.515,0.558,1,"A native English speaker
1",0.634,0.634,0.703,1,"A native English speaker
1",0.84,0.84,0.875,1,"


2",0.49,0.49,0.585,1,"


2",0.372,0.372,0.415,1,"


2",1.059,1.059,1.005,1,"


2",1.114,1.114,1.141,1,"A native English speaker
1",0.301,0.301,0.44,1,"


2",1.031,1.031,1.067,1,"A native English speaker
1",0.495,0.495,0.502,1,"A native English speaker
1",113.384,113.384,113.352,1,"


2",19.722,19.722,19.779,1,"A native English speaker
1",0.967,0.967,0.9,1,"


3",0.402,0.402,0.431,1,"


4",0.54,1.13,1.168,2,"A native English speaker
1",5.342,5.342,5.618,1,"A native English speaker
1",0.365,0.365,0.641,1,"


3",1.264,1.264,1.295,1,"A native English speaker
1",0.829,0.829,0.747,1,"


2",27.462,27.462,27.711,1,"


3",0.938,0.938,0.972,1,"


3",0.713,0.713,0.76,1,"


2",114.673,114.673,114.709,1,"A native English speaker
1",1.277,1.277,1.315,1,"A native English speaker
1",4.134,4.134,4.161,1,"A native English speaker
1",1.008,1.008,1.098,1,"


6",1.759,1.759,1.704,1,"


8",1.495,1.495,1.532,1,"


2",0.778,2.055,2.084,2,"


4",0.723,0.723,0.757,1,"


2",1.351,1.351,1.392,1,"A native English speaker
1",11.088,11.088,11.129,1,"


2",4.304,4.304,4.338,1,"A native English speaker
1",0.753,0.753,0.671,1,"A native English speaker
1",0.557,0.557,0.5,1,"


3",1.903,1.903,1.947,1,"A native English speaker
1",2.295,2.295,2.277,1,"


2",52.882,52.882,53.013,1,"A native English speaker
1",0.955,0.955,0.984,1,"A native English speaker
1",1.175,1.175,1.104,1,"


4",0.957,0.957,1.007,1,"A native English speaker
1",0.535,0.535,0.582,1,"


2",0.808,0.808,0.97,1,"A native English speaker
1",1.205,1.205,1.503,1,"


2",0.732,0.732,0.86,1,9983184
V3,"


5",0.556,0.556,0.502,1,"


4",11.028,11.028,10.984,1,"


6",5.953,5.953,5.99,1,"


6",0.798,0.798,0.834,1,"


5",0.657,0.657,0.601,1,"


5",9.487,9.487,9.535,1,"


4",9.449,9.449,9.401,1,"


5",28.174,28.174,28.221,1,"


4",0.72,0.72,0.755,1,"


5",21.792,21.792,21.835,1,"


4",1.095,1.095,1.159,1,"


6",1.248,1.248,1.182,1,"


5",1.113,1.113,1.149,1,"


4",1.178,1.178,1.1,1,"


7",6.459,6.459,6.488,1,"


7",0.75,1.564,1.501,2,"


4",0.604,0.604,0.801,1,"


6",0.734,0.734,0.769,1,"


5",0.543,0.543,0.591,1,"


5",0.796,0.796,0.831,1,"


6",1.021,1.021,1.083,1,"An extremely strong
foreign accent
9",0.581,0.581,0.501,1,"


5",6.891,6.891,7.028,1,"


6",0.906,0.906,0.945,1,"


7",1.458,1.458,1.401,1,"


4",0.979,0.979,1.01,1,"


3",42.83,42.83,42.877,1,"


4",0.811,0.811,0.85,1,"


6",0.977,0.977,1.014,1,"


2",0.979,2.004,2.032,2,"


4",29.218,29.218,29.266,1,"


4",12.527,12.527,12.559,1,"


6",2.233,2.233,2.264,1,"


6",1.193,1.193,1.247,1,"


5",14.925,14.925,14.957,1,"


4",0.728,0.728,0.769,1,"


4",34.03,37.601,37.716,2,"


6",0.961,0.961,0.999,1,"


7",0.713,0.713,0.744,1,"


5",4.728,4.728,4.758,1,"


6",1.451,1.451,1.403,1,"


3",17.602,17.602,17.77,1,"


2",1.407,1.407,1.466,1,"


4",1.011,1.793,1.849,2,"


4",0.617,0.617,0.653,1,"


7",1.104,1.104,1.154,1,"


8",0.935,0.935,0.968,1,"


6",0.825,0.825,0.861,1,"


6",2.448,2.448,2.482,1,"


5",0.977,0.977,0.9,1,"


6",0.921,0.921,0.965,1,"


4",0.889,1.682,1.714,2,"


3",2.56,2.56,2.581,1,"


4",1.137,1.137,1.172,1,"


5",33.782,34.497,34.677,2,"


6",0.938,0.938,0.975,1,"


3",1.545,1.545,1.585,1,"


5",0.843,0.843,0.89,1,"


5",1.285,1.285,1.214,1,"


7",0.559,0.559,0.587,1,2950814
V3,"


7",3.768,3.768,3.776,1,"


6",4.509,4.509,4.519,1,"An extremely strong
foreign accent
9",0.438,0.438,0.448,1,"An extremely strong
foreign accent
9",0.097,0.097,0,1,"An extremely strong
foreign accent
9",0.03,0.03,0.041,1,"An extremely strong
foreign accent
9",1.784,1.784,1.794,1,"


8",0.383,0.383,0.391,1,"


8",0.469,0.469,0.477,1,"An extremely strong
foreign accent
9",0.042,0.042,0.05,1,"


7",3.56,3.56,3.57,1,"


8",4.086,4.086,4.094,1,"


7",0.474,0.474,0.485,1,"An extremely strong
foreign accent
9",0.104,0.104,0.113,1,"


8",1.425,1.425,1.437,1,"An extremely strong
foreign accent
9",0.253,0.253,0.263,1,"


7",1.404,1.404,1.412,1,"An extremely strong
foreign accent
9",2.759,2.759,2.77,1,"


7",0.304,0.304,0.313,1,"


8",0.238,0.238,0.247,1,"


8",4.167,4.167,4.176,1,"


4",2.908,2.908,2.917,1,"


4",1.261,1.261,1.271,1,"


7",0.496,0.496,0.402,1,"


3",0.265,0.265,0.274,1,"


4",0.617,0.617,0.626,1,"


3",0.382,0.382,0.389,1,"


3",0.457,0.457,0.465,1,"


3",0.609,0.609,0.617,1,"


2",0.358,0.358,0.367,1,"


5",1.812,1.812,1.823,1,"


6",0.321,0.321,0.331,1,"


8",2.377,2.377,2.385,1,"


8",0.34,0.34,0.349,1,"


8",0.362,0.362,0.372,1,"


6",2.056,2.056,2.065,1,"


6",1.316,1.316,1.325,1,"


7",0.286,0.286,0.294,1,"


8",0.32,0.32,0.329,1,"


5",0.238,0.238,0.247,1,"


7",1.531,1.531,1.543,1,"A native English speaker
1",0.019,0.019,0.03,1,"A native English speaker
1",0.036,0.036,0.045,1,"A native English speaker
1",0.859,0.859,0.87,1,"A native English speaker
1",0.263,0.263,0.273,1,"A native English speaker
1",0.156,0.156,0.175,1,"A native English speaker
1",0.473,0.473,0.483,1,"A native English speaker
1",0.06,0.06,0.069,1,"A native English speaker
1",0.447,0.447,0.456,1,"


2",0.831,0.831,0.841,1,"A native English speaker
1",0.448,0.448,0.457,1,"A native English speaker
1",1.861,1.861,1.871,1,"


2",2.235,3.199,3.208,3,"A native English speaker
1",0.234,0.628,0.636,2,"A native English speaker
1",0.129,0.129,0.137,1,"A native English speaker
1",2.394,2.394,2.301,1,"A native English speaker
1",0.26,0.26,0.269,1,"A native English speaker
1",2.113,2.113,2.125,1,"A native English speaker
1",2.743,2.743,2.752,1,"A native English speaker
1",0.31,0.31,0.319,1,"


2",0.409,0.409,0.418,1,8815444
V3,"


8",0.537,0.537,0.546,1,"


8",0.273,0.273,0.284,1,"


7",1.08,1.08,1.09,1,"An extremely strong
foreign accent
9",0.034,0.034,0.046,1,"An extremely strong
foreign accent
9",0.252,0.252,0.262,1,"An extremely strong
foreign accent
9",0.051,0.051,0.061,1,"


7",0.279,0.279,0.291,1,"


8",0.398,0.398,0.408,1,"An extremely strong
foreign accent
9",0.095,0.095,0,1,"


8",0.503,0.503,0.513,1,"


8",0.14,0.14,0.149,1,"An extremely strong
foreign accent
9",0.885,0.885,0.895,1,"


8",0.484,0.484,0.493,1,"An extremely strong
foreign accent
9",0.168,0.168,0.178,1,"An extremely strong
foreign accent
9",0.195,0.195,0.101,1,"An extremely strong
foreign accent
9",0.014,0.014,0.023,1,"


7",0.658,0.658,0.669,1,"An extremely strong
foreign accent
9",0.272,0.272,0.286,1,"


8",0.73,0.73,0.742,1,"


8",0.277,0.277,0.289,1,"


6",0.48,0.48,0.491,1,"An extremely strong
foreign accent
9",0.084,0.084,0.095,1,"


7",0.255,0.255,0.263,1,"


7",0.312,0.312,0.32,1,"


7",0.679,0.679,0.691,1,"A native English speaker
1",0.238,0.238,0.248,1,"


6",0.456,0.456,0.468,1,"


6",0.441,0.441,0.45,1,"


3",2.071,2.071,2.081,1,"


3",0.618,0.618,0.631,1,"


6",0.445,2.149,2.161,4,"


8",0.462,0.462,0.473,1,"


6",0.172,0.172,0.181,1,"


7",0.255,0.255,0.265,1,"


6",0.532,0.532,0.545,1,"


8",0.452,0.452,0.465,1,"


6",0.081,0.081,0.094,1,"


6",0.776,0.776,0.786,1,"


7",0.164,0.164,0.176,1,"


6",0.716,0.716,0.727,1,"A native English speaker
1",0.494,0.494,0.4,1,"A native English speaker
1",0.123,0.123,0.136,1,"A native English speaker
1",0.113,0.801,0.813,2,"A native English speaker
1",0.024,0.024,0.035,1,"A native English speaker
1",0.03,0.03,0.039,1,"A native English speaker
1",0.093,0.093,0,1,"A native English speaker
1",0.037,0.037,0.046,1,"A native English speaker
1",0.039,0.039,0.048,1,"


2",0.486,0.486,0.496,1,"A native English speaker
1",0.044,0.66,0.672,2,"A native English speaker
1",1.153,1.153,1.164,1,"A native English speaker
1",0.737,0.737,0.749,1,"A native English speaker
1",0.014,0.59,0.501,2,"A native English speaker
1",0.056,0.056,0.067,1,"A native English speaker
1",0.289,0.289,0.299,1,"A native English speaker
1",0.044,0.044,0.053,1,"A native English speaker
1",1.97,1.97,1.981,1,"A native English speaker
1",0.975,0.975,0.985,1,"A native English speaker
1",0.167,0.167,0.18,1,"A native English speaker
1",0.182,0.182,0.195,1,7505174
V3,"


7",0.574,0.574,0.588,1,"


7",0.697,0.697,0.714,1,"


8",0.723,0.723,0.734,1,"


8",0.61,0.61,0.648,1,"


7",0.663,0.663,0.678,1,"An extremely strong
foreign accent
9",1.033,1.033,1.05,1,"


6",1.141,1.141,1.158,1,"


7",3.403,3.403,3.413,1,"


7",0.635,0.635,0.647,1,"


7",0.811,0.811,0.827,1,"


6",0.732,0.732,0.767,1,"


6",0.651,0.651,0.666,1,"


8",1.323,1.323,1.335,1,"


7",4.202,4.202,4.216,1,"


7",0.872,0.872,0.892,1,"


6",1.662,1.662,1.677,1,"


6",1.001,1.001,1.02,1,"


3",7.024,7.024,7.044,1,"


7",0.561,0.561,0.577,1,"


8",1,1,1.015,1,"


6",0.906,0.906,0.942,1,"


3",1.439,1.439,1.455,1,"


2",0.698,0.698,0.713,1,"


3",0.934,0.934,0.956,1,"


6",1.258,1.258,1.273,1,"A native English speaker
1",0.891,0.891,0.923,1,"A native English speaker
1",0.626,0.626,0.643,1,"A native English speaker
1",0.539,0.539,0.549,1,"


2",1.375,1.375,1.386,1,"


2",1.723,1.723,1.74,1,"


6",0.557,0.557,0.571,1,"


6",0.58,0.58,0.597,1,"


3",0.625,0.625,0.643,1,"


3",1.77,1.77,1.784,1,"


5",0.75,0.75,0.762,1,"


6",0.739,0.739,0.763,1,"


6",1.523,1.523,1.538,1,"


7",0.655,0.655,0.666,1,"


6",3.652,3.652,3.665,1,"


6",2.49,2.49,2.4,1,"A native English speaker
1",0.623,0.623,0.638,1,"A native English speaker
1",0.538,0.538,0.556,1,"A native English speaker
1",0.584,0.584,0.6,1,"A native English speaker
1",0.558,0.558,0.586,1,"A native English speaker
1",0.533,0.533,0.549,1,"A native English speaker
1",0.716,0.716,0.727,1,"A native English speaker
1",0.914,0.914,0.928,1,"A native English speaker
1",0.579,0.579,0.594,1,"A native English speaker
1",0.457,0.457,0.473,1,"A native English speaker
1",0.741,0.741,0.752,1,"A native English speaker
1",0.628,0.628,0.645,1,"A native English speaker
1",0.618,0.618,0.635,1,"A native English speaker
1",0.532,0.532,0.548,1,"


2",1.529,1.529,1.548,1,"A native English speaker
1",0.599,0.599,0.615,1,"A native English speaker
1",0.497,0.497,0.51,1,"A native English speaker
1",0.705,0.705,0.72,1,"A native English speaker
1",0.716,0.716,0.725,1,"A native English speaker
1",0.555,0.555,0.571,1,"A native English speaker
1",0.515,0.515,0.528,1,3805384
V3,"


7",0.802,0.802,0.82,1,"


7",5.229,5.229,5.244,1,"


7",0.542,0.542,0.559,1,"An extremely strong
foreign accent
9",1.029,1.029,1.046,1,"An extremely strong
foreign accent
9",0.688,0.688,0.602,1,"An extremely strong
foreign accent
9",0.556,0.556,0.583,1,"


8",0.516,0.844,0.863,2,"


6",6.366,6.366,6.384,1,"


7",1.945,1.945,1.962,1,"An extremely strong
foreign accent
9",1.125,1.125,1.138,1,"


6",0.467,0.467,0.487,1,"


6",0.552,0.552,0.569,1,"


8",0.824,0.824,0.842,1,"


7",5.1,5.1,5.115,1,"


8",2.149,2.149,2.169,1,"


7",0.985,0.985,0.9,1,"


6",1.887,1.887,1.8,1,"


7",1.522,1.522,1.548,1,"


7",0.978,0.978,0.995,1,"


7",1.327,1.327,1.351,1,"


5",0.638,0.638,0.655,1,"


6",1.443,1.443,1.463,1,"


6",1.235,1.235,1.253,1,"


4",0.969,0.969,0.987,1,"


5",0.558,0.558,0.576,1,"


4",0.85,0.85,0.88,1,"


3",1.517,1.517,1.533,1,"


4",0.92,0.92,0.936,1,"


5",6.383,6.383,6.301,1,"


5",1.732,1.732,1.75,1,"


8",0.949,0.949,0.982,1,"


7",0.508,0.508,0.526,1,"


7",0.625,0.625,0.647,1,"


7",0.489,0.489,0.401,1,"


6",0.586,0.586,0.5,1,"


7",0.641,0.641,0.662,1,"


6",2.434,8.79,8.814,2,"


6",2.699,2.699,2.736,1,"


6",1.956,1.956,1.983,1,"


7",0.706,0.706,0.727,1,"A native English speaker
1",0.599,0.599,0.633,1,"


2",1.28,1.28,1.297,1,"A native English speaker
1",0.475,0.475,0.497,1,"A native English speaker
1",0.244,0.244,0.261,1,"A native English speaker
1",0.866,0.866,0.883,1,"A native English speaker
1",0.298,0.298,0.314,1,"A native English speaker
1",0.391,0.391,0.302,1,"A native English speaker
1",0.38,0.38,0.399,1,"A native English speaker
1",0.547,0.547,0.564,1,"A native English speaker
1",0.346,0.346,0.366,1,"A native English speaker
1",0.512,0.512,0.533,1,"


2",0.634,0.634,0.651,1,"A native English speaker
1",0.473,0.473,0.49,1,"A native English speaker
1",0.266,0.266,0.282,1,"


2",1.71,1.71,1.729,1,"A native English speaker
1",0.221,0.774,0.7,2,"A native English speaker
1",0.676,0.676,0.693,1,"A native English speaker
1",0.96,0.96,0.981,1,"A native English speaker
1",0.3,0.3,0.316,1,"A native English speaker
1",0.245,0.245,0.268,1,1682505
V3,"


6",2.197,2.667,2.677,2,"


6",0.801,0.801,0.825,1,"


8",1.396,1.396,1.301,1,"


8",2.28,2.28,2.29,1,"


8",0.719,0.719,0.733,1,"


8",1.264,1.264,1.275,1,"


7",0.797,0.797,0.705,1,"


8",0.615,0.615,0.627,1,"


8",0.305,0.305,0.422,1,"


7",0.984,0.984,0.998,1,"


8",1.824,1.824,1.84,1,"


7",1.542,1.542,1.552,1,"


7",1.017,1.017,1.03,1,"


7",0.794,0.794,0.808,1,"


8",0.367,0.367,0.376,1,"


8",0.673,0.673,0.685,1,"


7",2.194,2.194,2.204,1,"


7",0.791,0.791,0.704,1,"


8",0.743,0.743,0.755,1,"


7",2.198,2.728,2.737,2,"


6",0.764,0.764,0.773,1,"


6",1.956,1.956,1.968,1,"


5",1.151,1.151,1.162,1,"


5",0.689,0.689,0.7,1,"


6",0.809,0.809,0.827,1,"


5",0.487,0.487,0.497,1,"


5",0.594,0.594,0.603,1,"


5",0.712,0.712,0.721,1,"


5",0.392,0.392,0.403,1,"


5",3.917,3.917,3.931,1,"


6",0.515,0.515,0.53,1,"


7",0.774,0.774,0.784,1,"


5",1.249,1.249,1.26,1,"


6",2.989,2.989,3.001,1,"


7",2.115,2.115,2.138,1,"


6",0.927,0.927,0.937,1,"


6",0.378,0.378,0.389,1,"


6",1.89,1.89,1.906,1,"


5",3.62,3.62,3.633,1,"


6",0.981,0.981,1,1,"A native English speaker
1",0.896,0.896,0.908,1,"A native English speaker
1",3.124,3.124,3.134,1,"


2",0.789,0.789,0.704,1,"A native English speaker
1",0.988,0.988,0.999,1,"


2",1.66,1.66,1.669,1,"


2",0.613,0.613,0.624,1,"A native English speaker
1",0.634,0.634,0.647,1,"


2",0.614,0.614,0.631,1,"A native English speaker
1",0.601,0.601,0.618,1,"A native English speaker
1",2.341,2.341,2.353,1,"A native English speaker
1",0.246,0.246,0.258,1,"A native English speaker
1",0.782,0.782,0.796,1,"


2",1.758,1.758,1.774,1,"A native English speaker
1",0.469,0.469,0.479,1,"A native English speaker
1",0.572,0.572,0.583,1,"


2",1.355,1.355,1.365,1,"


3",0.76,0.76,0.769,1,"


4",4.479,4.479,4.489,1,"A native English speaker
1",0.231,0.231,0.248,1,"


4",1.213,1.213,1.229,1,4073431
V3,"


5",0.734,0.734,0.745,1,"An extremely strong
foreign accent
9",0.61,0.61,0.621,1,"An extremely strong
foreign accent
9",0.937,0.937,0.948,1,"An extremely strong
foreign accent
9",0.361,0.361,0.371,1,"An extremely strong
foreign accent
9",0.369,0.369,0.38,1,"An extremely strong
foreign accent
9",0.213,0.213,0.225,1,"An extremely strong
foreign accent
9",0.214,0.214,0.225,1,"An extremely strong
foreign accent
9",0.75,0.75,0.762,1,"An extremely strong
foreign accent
9",0.081,0.081,0.093,1,"An extremely strong
foreign accent
9",0.472,0.472,0.483,1,"An extremely strong
foreign accent
9",0.174,0.174,0.185,1,"


8",0.3,0.3,0.311,1,"An extremely strong
foreign accent
9",0.717,0.717,0.728,1,"An extremely strong
foreign accent
9",0.318,0.318,0.329,1,"An extremely strong
foreign accent
9",0.176,0.176,0.188,1,"An extremely strong
foreign accent
9",0.436,0.436,0.448,1,"An extremely strong
foreign accent
9",0.35,0.35,0.361,1,"An extremely strong
foreign accent
9",0.262,0.262,0.272,1,"An extremely strong
foreign accent
9",1.358,1.358,1.368,1,"An extremely strong
foreign accent
9",0.208,0.208,0.22,1,"An extremely strong
foreign accent
9",0.664,0.664,0.674,1,"


8",0.353,0.353,0.365,1,"


7",0.731,0.731,0.742,1,"


7",0.881,0.881,0.893,1,"An extremely strong
foreign accent
9",4.03,4.03,4.042,1,"


5",1.269,1.269,1.279,1,"A native English speaker
1",0.917,0.917,0.928,1,"


7",1.245,1.245,1.255,1,"A native English speaker
1",0.285,0.285,0.296,1,"


7",0.614,0.614,0.625,1,"


6",2.804,2.804,2.814,1,"


5",3.665,3.665,3.676,1,"


8",0.394,0.394,0.3,1,"An extremely strong
foreign accent
9",0.402,0.402,0.414,1,"An extremely strong
foreign accent
9",1.168,1.168,1.179,1,"


8",0.695,0.695,0.601,1,"An extremely strong
foreign accent
9",0.498,0.498,0.51,1,"An extremely strong
foreign accent
9",0.488,0.488,0.5,1,"


8",0.86,0.86,0.87,1,"


8",1.798,1.798,1.809,1,"A native English speaker
1",0.546,0.546,0.556,1,"A native English speaker
1",0.31,0.31,0.321,1,"A native English speaker
1",0.326,0.326,0.337,1,"A native English speaker
1",0.311,0.311,0.322,1,"A native English speaker
1",0.191,0.191,0.1,1,"A native English speaker
1",1.281,1.281,1.292,1,"A native English speaker
1",0.253,0.253,0.264,1,"A native English speaker
1",0.394,0.394,0.301,1,"A native English speaker
1",0.484,0.484,0.495,1,"A native English speaker
1",0.275,0.275,0.285,1,"A native English speaker
1",0.221,0.221,0.233,1,"A native English speaker
1",0.229,0.229,0.239,1,"A native English speaker
1",0.548,0.548,0.56,1,"


2",1.434,1.434,1.444,1,"A native English speaker
1",0.596,0.596,0.5,1,"A native English speaker
1",0.427,0.427,0.438,1,"A native English speaker
1",0.28,0.28,0.291,1,"


2",1.398,1.398,1.409,1,"A native English speaker
1",0.273,0.273,0.282,1,"A native English speaker
1",0.146,0.146,0.158,1,8584285
V3,"


7",0.266,0.266,0.201,1,"


7",0.913,0.913,0.966,1,"An extremely strong
foreign accent
9",0.976,0.976,0.902,1,"An extremely strong
foreign accent
9",0.383,0.383,0.307,1,"An extremely strong
foreign accent
9",0.148,0.148,0.201,1,"


8",0.547,0.547,0.602,1,"An extremely strong
foreign accent
9",0.165,0.165,0.1,1,"An extremely strong
foreign accent
9",0.222,0.222,0.272,1,"An extremely strong
foreign accent
9",0.924,0.924,0.971,1,"An extremely strong
foreign accent
9",0.342,0.342,0.387,1,"


7",0.811,0.811,0.861,1,"


8",0.607,0.607,0.642,1,"An extremely strong
foreign accent
9",0.652,0.652,0.602,1,"


8",0.394,0.394,0.433,1,"An extremely strong
foreign accent
9",0.254,0.254,0.297,1,"


6",0.582,0.582,0.502,1,"


8",0.262,0.262,0.2,1,"


7",0.623,0.623,0.671,1,"


8",0.765,0.765,0.701,1,"


8",0.612,0.612,0.659,1,"


3",0.428,0.428,0.476,1,"


4",0.834,0.834,0.874,1,"


7",0.511,0.511,0.558,1,"


3",0.13,1.855,1.801,3,"


7",0.374,0.374,0.301,1,"


3",0.378,0.378,0.3,1,"


5",0.88,0.88,0.801,1,"


4",0.45,0.45,0.491,1,"


4",0.63,0.63,0.601,1,"


6",0.509,0.509,0.547,1,"


6",0.487,0.487,0.405,1,"


8",0.576,0.576,0.501,1,"


6",1.215,1.215,1.255,1,"


8",0.91,0.91,0.956,1,"


4",0.394,0.394,0.446,1,"


4",0.53,0.53,0.501,1,"


6",0.591,0.591,0.501,1,"An extremely strong
foreign accent
9",0.854,0.854,0.8,1,"


6",0.729,0.729,0.767,1,"


7",0.91,0.91,0.951,1,"A native English speaker
1",0.005,0.005,0.066,1,"


2",3.501,3.501,3.543,1,"


2",0.505,0.505,0.551,1,"A native English speaker
1",0.19,0.19,0.244,1,"A native English speaker
1",0.257,0.257,0.295,1,"A native English speaker
1",0.17,0.17,0.101,1,"


2",0.156,0.156,0.192,1,"A native English speaker
1",0.121,0.121,0.17,1,"A native English speaker
1",0.167,0.167,0.101,1,"A native English speaker
1",0,0,0.149,1,"A native English speaker
1",0.053,0.053,0,1,"


2",0.309,0.309,0.362,1,"A native English speaker
1",0.328,0.328,0.378,1,"


2",0.201,0.201,0.352,1,"A native English speaker
1",0.202,0.202,0.25,1,"A native English speaker
1",0.124,0.124,0.181,1,"


2",0.493,0.493,0.533,1,"A native English speaker
1",0.696,0.696,0.776,1,"A native English speaker
1",0.013,0.013,0,1,"


3",0.488,0.488,0.401,1,3800888
V3,"


7",0.105,0.105,0.142,1,"


7",0.704,0.704,0.742,1,"


6",0.77,0.77,0.791,1,"


7",1.823,1.823,1.856,1,"


7",0.453,0.453,0.49,1,"


7",1.727,1.727,1.7,1,"


8",0.507,0.507,0.54,1,"An extremely strong
foreign accent
9",1.496,2.118,2.158,2,"


6",0.881,0.881,0.8,1,"An extremely strong
foreign accent
9",0.116,0.116,0.147,1,"


7",0.522,0.522,0.573,1,"


5",1.618,1.618,1.688,1,"


7",1.148,2.888,2.803,3,"


6",3.396,3.396,3.422,1,"


5",0.369,0.369,0.3,1,"


7",0.763,0.763,0.7,1,"


6",0.529,0.529,0.544,1,"


6",3.862,3.862,3.891,1,"


7",1.233,1.233,1.282,1,"


8",0.406,0.406,0.448,1,"


5",1.357,1.357,1.393,1,"A native English speaker
1",0.106,0.106,0.131,1,"


4",0.348,0.348,0.376,1,"


7",0.717,0.717,0.764,1,"


4",0.583,0.583,0.5,1,"A native English speaker
1",0.278,0.278,0.201,1,"


4",0.537,0.537,0.574,1,"A native English speaker
1",0.208,0.208,0.241,1,"


7",2.581,2.581,2.501,1,"


3",0.275,0.275,0.201,1,"A native English speaker
1",1.071,1.071,1,1,"


6",8.249,8.249,8.287,1,"


5",0.634,0.634,0.697,1,"


6",0.755,0.755,0.776,1,"A native English speaker
1",0.242,0.242,0.288,1,"


2",0.362,0.362,0.301,1,"


5",0.213,0.213,0.257,1,"


6",2.478,2.478,2.4,1,"


6",4.226,4.226,4.265,1,"


6",0.93,0.93,0.954,1,"A native English speaker
1",0.338,0.338,0.379,1,"A native English speaker
1",0.226,0.226,0.202,1,"A native English speaker
1",0.192,0.192,0.264,1,"A native English speaker
1",0.185,0.185,0.223,1,"


2",0.264,0.264,0.2,1,"A native English speaker
1",1.853,1.853,1.893,1,"A native English speaker
1",0.561,0.561,0.656,1,"A native English speaker
1",0.313,0.313,0.35,1,"A native English speaker
1",0.06,0.06,0.097,1,"A native English speaker
1",0.199,0.199,0.254,1,"


2",0.348,0.348,0.3,1,"A native English speaker
1",0.211,0.211,0.251,1,"A native English speaker
1",7.023,7.023,7.048,1,"A native English speaker
1",0.885,0.885,0.8,1,"A native English speaker
1",0.269,0.269,0.285,1,"A native English speaker
1",1.689,1.689,1.6,1,"A native English speaker
1",0.255,0.255,0.201,1,"A native English speaker
1",0.183,0.183,0.1,1,"A native English speaker
1",0.265,0.265,0.297,1,"A native English speaker
1",0.253,0.253,0.299,1,6374852
V3,"


7",0.176,2.18,2.312,2,"


6",0.449,1.034,1.002,2,"


8",0.204,1.039,1.019,2,"An extremely strong
foreign accent
9",0.012,0.491,0.592,2,"


8",0.114,1.118,1.104,2,"An extremely strong
foreign accent
9",0.397,1.28,1.38,2,"


7",0.346,1.228,1.206,2,"


7",0.343,1.344,1.301,2,"


8",0.263,1.231,1.2,2,"


7",0.076,1.777,1.7,3,"


6",0.342,1.812,1.804,2,"


7",0.542,4.187,4.271,2,"


8",0.212,0.946,0.903,2,"


6",0.247,1.481,1.588,2,"An extremely strong
foreign accent
9",0.21,0.828,0.803,2,"


6",0.275,1.143,1.102,2,"


8",0.342,1.577,1.682,2,"


8",0.41,1.663,1.606,2,"


8",0.271,1.223,1.201,2,"


6",0.017,1.196,1.293,3,"


4",0.381,2.085,2.192,2,"


6",0.162,0.995,1.09,3,"


5",0.363,1.165,1.102,2,"


4",0.293,0.293,0.391,1,"


7",0.27,1.253,1.214,2,"


3",1.726,1.726,1.706,1,"


4",0.402,0.402,0.494,1,"


6",0.62,26.053,26.03,4,"A native English speaker
1",0.598,0.598,0.699,1,"


5",0.229,1.131,1.11,3,"


6",0.406,1.392,1.476,2,"


7",0.115,1.145,1.115,3,"


6",0.432,1.784,1.876,2,"


5",0.282,1.184,1.29,2,"


6",0.792,1.561,1.5,2,"


6",0.285,1.341,1.301,2,"


5",0.281,3.236,3.221,3,"


7",0.221,1.273,1.364,2,"


6",0.165,0.959,1.572,3,"


4",0.457,1.29,1.377,2,"A native English speaker
1",0.019,0.019,0,1,"A native English speaker
1",0.119,0.119,0.276,1,"A native English speaker
1",0.141,0.141,0.118,1,"A native English speaker
1",0.057,0.057,0,1,"A native English speaker
1",0.164,0.164,0.108,1,"A native English speaker
1",0,0,0.214,1,"A native English speaker
1",0.192,0.192,0.274,1,"A native English speaker
1",0.055,0.055,0,1,"A native English speaker
1",0,0,0.213,1,"A native English speaker
1",0.164,0.164,0.102,1,"A native English speaker
1",0.059,0.059,0,1,"


2",2.115,2.115,2.103,1,"A native English speaker
1",0.159,0.159,0.1,1,"A native English speaker
1",0.261,0.261,0.221,1,"A native English speaker
1",4.01,4.01,4.004,1,"A native English speaker
1",0.115,0.115,0.192,1,"A native English speaker
1",0.14,0.14,0.113,1,"


6",3.448,6.121,6.205,3,"A native English speaker
1",0.124,0.124,0.101,1,"A native English speaker
1",0.665,0.665,0.602,1,4542178
V3,"


8",0.122,0.122,0.198,1,"


6",0.453,0.453,0.471,1,"


7",0.697,0.697,0.712,1,"An extremely strong
foreign accent
9",0.084,0.084,0,1,"


8",1.31,1.31,1.342,1,"An extremely strong
foreign accent
9",0.14,0.14,0.158,1,"


8",0.209,0.209,0.227,1,"


8",1.108,1.108,1.145,1,"


8",0.578,0.578,0.594,1,"


8",1.157,1.157,1.173,1,"


8",0.406,0.406,0.423,1,"


8",0.131,0.131,0.159,1,"


8",0.145,0.145,0.165,1,"


8",0.21,0.21,0.229,1,"An extremely strong
foreign accent
9",1.062,1.062,1.084,1,"


7",1.069,1.069,1.098,1,"


8",0.251,0.251,0.269,1,"


6",0.71,0.71,0.742,1,"


8",0.144,0.144,0.176,1,"


8",0.538,0.538,0.561,1,"


4",1.543,1.543,1.579,1,"


3",8.841,8.841,8.859,1,"


4",1.897,1.897,1.923,1,"


3",0.731,0.731,0.748,1,"


5",0.286,0.286,0.317,1,"


5",0.775,0.775,0.85,1,"A native English speaker
1",0.086,0.086,0,1,"A native English speaker
1",0.108,0.108,0.148,1,"


3",1.669,1.669,1.691,1,"


5",0.385,0.385,0.301,1,"


5",1.471,1.471,1.4,1,"


6",0.825,0.825,0.845,1,"


4",0.55,0.55,0.572,1,"


6",0.926,0.926,0.942,1,"


3",0.831,0.831,0.848,1,"


5",0.178,0.178,0.11,1,"


6",2.901,2.901,2.919,1,"


5",0.979,0.979,0.996,1,"


4",0.542,0.542,0.571,1,"


6",0.523,0.523,0.552,1,"A native English speaker
1",0.117,0.117,0.145,1,"A native English speaker
1",0.106,0.106,0.145,1,"A native English speaker
1",0.074,0.074,0,1,"A native English speaker
1",0.326,0.326,0.36,1,"A native English speaker
1",0.068,0.068,0.098,1,"A native English speaker
1",0.102,0.102,0.116,1,"A native English speaker
1",0.175,0.175,0.194,1,"A native English speaker
1",0.038,0.038,0.07,1,"A native English speaker
1",0.171,0.171,0.1,1,"A native English speaker
1",0.072,0.072,0.098,1,"A native English speaker
1",0.003,0.003,0.043,1,"A native English speaker
1",0.046,0.046,0.1,1,"A native English speaker
1",0.131,0.131,0.169,1,"A native English speaker
1",0.509,0.509,0.53,1,"A native English speaker
1",0.422,0.422,0.448,1,"A native English speaker
1",0.304,0.304,0.324,1,"A native English speaker
1",0.051,0.051,0.074,1,"A native English speaker
1",0.063,0.063,0,1,"


2",2.209,5.944,5.962,5,"A native English speaker
1",0.09,0.09,0,1,8081415